{
  "model": {
    "type": "range_dispatch",
    "property": "custom_model_data",
        "fallback": {
            "type": "model",
            "model": "minecraft:item/iron_horse_armor"
        },
	"entries": [
      {
        "threshold": 1,
        "model": {
          "type": "model",
          "model": "item/usp"
        }
      },
	  {
        "threshold": 2,
        "model": {
          "type": "model",
          "model": "item/mp5"
        }
      },
	  {
        "threshold": 3,
        "model": {
          "type": "model",
          "model": "item/remington_870"
        }
      },
	  {
        "threshold": 4,
        "model": {
          "type": "model",
          "model": "item/m249"
        }
      }
	]
  }
}