{
  "model": {
    "type": "range_dispatch",
    "property": "custom_model_data",
        "fallback": {
            "type": "model",
            "model": "minecraft:item/paper"
        },
	"entries": [
      {
        "threshold": 1,
        "model": {
          "type": "model",
          "model": "item/level1"
        }
      },
      {
        "threshold": 2,
        "model": {
          "type": "model",
          "model": "item/level2"
        }
      },
      {
        "threshold": 3,
        "model": {
          "type": "model",
          "model": "item/level3"
        }
      },
      {
        "threshold": 4,
        "model": {
          "type": "model",
          "model": "item/level4"
        }
      },
      {
        "threshold": 5,
        "model": {
          "type": "model",
          "model": "item/level5"
        }
      },
      {
        "threshold": 6,
        "model": {
          "type": "model",
          "model": "item/level6"
        }
      }
	]
  }
}