{
	"credit": "Made with Blockbench",
	"textures": {
		"0": "qualityarmory:all/rgbsheet1",
		"particle": "qualityarmory:all/rgbsheet1"
	},
	"elements": [
		{
			"from": [7.7, 0.45, 0],
			"to": [8.3, 1.05, 16],
			"rotation": {"angle": 45, "axis": "z", "origin": [8, 0.75, 8]},
			"faces": {
				"north": {"uv": [3, 10, 4, 11], "texture": "#0"},
				"east": {"uv": [3, 10, 4, 11], "texture": "#0"},
				"south": {"uv": [3, 10, 4, 11], "texture": "#0"},
				"west": {"uv": [3, 10, 4, 11], "texture": "#0"},
				"up": {"uv": [3, 10, 4, 11], "texture": "#0"},
				"down": {"uv": [3, 10, 4, 11], "texture": "#0"}
			}
		},
		{
			"from": [3.5, 0.55, 10.55],
			"to": [8, 0.95, 10.95],
			"rotation": {"angle": 45, "axis": "x", "origin": [5, 0.75, 10.75]},
			"faces": {
				"north": {"uv": [3, 10, 4, 11], "rotation": 90, "texture": "#0"},
				"east": {"uv": [3, 10, 4, 11], "rotation": 270, "texture": "#0"},
				"south": {"uv": [3, 10, 4, 11], "rotation": 90, "texture": "#0"},
				"west": {"uv": [3, 10, 4, 11], "rotation": 90, "texture": "#0"},
				"up": {"uv": [3, 10, 4, 11], "rotation": 180, "texture": "#0"},
				"down": {"uv": [3, 10, 4, 11], "texture": "#0"}
			}
		},
		{
			"from": [3.25, 0.45, 10.45],
			"to": [3.5, 1.05, 11.05],
			"rotation": {"angle": 45, "axis": "x", "origin": [4.5, 0.75, 10.75]},
			"faces": {
				"north": {"uv": [5, 12, 6, 13], "rotation": 90, "texture": "#0"},
				"east": {"uv": [5, 12, 6, 13], "rotation": 270, "texture": "#0"},
				"south": {"uv": [5, 12, 6, 13], "rotation": 90, "texture": "#0"},
				"west": {"uv": [5, 12, 6, 13], "rotation": 90, "texture": "#0"},
				"up": {"uv": [5, 12, 6, 13], "rotation": 180, "texture": "#0"},
				"down": {"uv": [5, 12, 6, 13], "texture": "#0"}
			}
		},
		{
			"from": [4, 0.45, 10.45],
			"to": [6.75, 1.05, 11.05],
			"rotation": {"angle": 45, "axis": "x", "origin": [5, 0.75, 10.75]},
			"faces": {
				"north": {"uv": [5, 12, 6, 13], "rotation": 90, "texture": "#0"},
				"east": {"uv": [5, 12, 6, 13], "rotation": 270, "texture": "#0"},
				"south": {"uv": [5, 12, 6, 13], "rotation": 90, "texture": "#0"},
				"west": {"uv": [5, 12, 6, 13], "rotation": 90, "texture": "#0"},
				"up": {"uv": [5, 12, 6, 13], "rotation": 180, "texture": "#0"},
				"down": {"uv": [5, 12, 6, 13], "texture": "#0"}
			}
		},
		{
			"from": [7.6, 0.35, 11.75],
			"to": [8.4, 1.15, 15.5],
			"rotation": {"angle": 45, "axis": "z", "origin": [8, 0.75, 8]},
			"faces": {
				"north": {"uv": [5, 12, 6, 13], "texture": "#0"},
				"east": {"uv": [5, 12, 6, 13], "texture": "#0"},
				"south": {"uv": [5, 12, 6, 13], "texture": "#0"},
				"west": {"uv": [5, 12, 6, 13], "texture": "#0"},
				"up": {"uv": [5, 12, 6, 13], "texture": "#0"},
				"down": {"uv": [5, 12, 6, 13], "texture": "#0"}
			}
		}
	],
	"display": {
		"thirdperson_righthand": {
			"rotation": [0, 0, -90],
			"translation": [6.75, -4.5, -1.25]
		},
		"thirdperson_lefthand": {
			"rotation": [0, 0, 90],
			"translation": [-7.75, -4.5, -1.25]
		},
		"firstperson_righthand": {
			"rotation": [90, -10, 45],
			"translation": [-5.25, 7.5, 7.52]
		},
		"firstperson_lefthand": {
			"rotation": [90, -10, 45],
			"translation": [-5.25, 7.5, 7.25]
		},
		"ground": {
			"translation": [0, 3.75, 0]
		},
		"gui": {
			"rotation": [90, 45, 0]
		},
		"head": {
			"rotation": [90, 0, 0],
			"translation": [2.75, -1.5, 0.5]
		},
		"fixed": {
			"rotation": [90, 0, 0],
			"translation": [0, 0, 6.5]
		}
	}
}
