{
	"credit": "Made with Blockbench",
	"textures": {
		"1": "item/level4card"
	},
	"elements": [
		{
			"from": [5.75, 0, 4.25],
			"to": [10.25, 0.25, 11.75],
			"rotation": {"angle": 0, "axis": "y", "origin": [8, 0, 8]},
			"faces": {
				"north": {"uv": [8, 3, 12.5, 3.25], "texture": "#1"},
				"east": {"uv": [8, 0, 15.5, 0.25], "texture": "#1"},
				"south": {"uv": [8, 2, 12.5, 2.25], "texture": "#1"},
				"west": {"uv": [8, 1, 15.5, 1.25], "texture": "#1"},
				"up": {"uv": [7.5, 4.5, 0, 0], "rotation": 90, "texture": "#1"},
				"down": {"uv": [7.5, 5, 0, 9.5], "rotation": 270, "texture": "#1"}
			}
		}
	],
	"display": {
		"thirdperson_righthand": {
			"translation": [0, 6, 0],
			"scale": [0.75, 0.75, 0.75]
		},
		"thirdperson_lefthand": {
			"translation": [0, 6, 0],
			"scale": [0.75, 0.75, 0.75]
		},
		"firstperson_righthand": {
			"rotation": [55.5, 180, -30.5],
			"translation": [-6, 9.5, 7.5]
		},
		"firstperson_lefthand": {
			"rotation": [55.5, 0, 30.5],
			"translation": [-6, 9.5, 7.5]
		},
		"ground": {
			"translation": [0, 3, 0],
			"scale": [0.75, 0.75, 0.75]
		},
		"gui": {
			"rotation": [90, -90, 0],
			"scale": [2, 2, 2]
		},
		"head": {
			"rotation": [-90, 0, -90],
			"translation": [14.75, -27.5, 0]
		},
		"fixed": {
			"rotation": [-90, 90, 0],
			"translation": [0, 0, -11],
			"scale": [1.5, 1.5, 1.5]
		}
	}
}
