{
	"format_version": "1.21.6",
	"credit": "Made with Blockbench",
	"texture_size": [2, 2],
	"textures": {
		"0": "item/shotgun/m870",
		"1": "item/shotgun/deltapoint",
		"2": "item/shotgun/scope",
		"particle": "item/shotgun/m870"
	},
	"elements": [
		{
			"from": [7.7, 0, 9.4],
			"to": [8.3, 1.6, 11],
			"faces": {
				"north": {"uv": [10, 7.75, 10.15625, 8.15625], "texture": "#0"},
				"east": {"uv": [7.25, 2, 7.65625, 2.40625], "texture": "#0"},
				"south": {"uv": [10, 9, 10.15625, 9.40625], "texture": "#0"},
				"west": {"uv": [7.25, 5, 7.65625, 5.40625], "texture": "#0"},
				"up": {"uv": [10.15625, 9.90625, 10, 9.5], "texture": "#0"},
				"down": {"uv": [10.15625, 10, 10, 10.40625], "texture": "#0"}
			}
		},
		{
			"from": [7.7, 1.6, -3.9],
			"to": [8.3, 1.7, 11],
			"faces": {
				"north": {"uv": [12.75, 2, 12.90625, 2.03125], "texture": "#0"},
				"east": {"uv": [7.25, 7.5, 10.96875, 7.53125], "texture": "#0"},
				"south": {"uv": [2.25, 12.75, 2.40625, 12.78125], "texture": "#0"},
				"west": {"uv": [7.75, 1.25, 11.46875, 1.28125], "texture": "#0"},
				"up": {"uv": [0.15625, 3.71875, 0, 0], "texture": "#0"},
				"down": {"uv": [0.40625, 0, 0.25, 3.71875], "texture": "#0"}
			}
		},
		{
			"from": [7.7, 1.7, -3.9],
			"to": [8.3, 1.8, 11],
			"faces": {
				"north": {"uv": [12.75, 2.5, 12.90625, 2.53125], "texture": "#0"},
				"east": {"uv": [7.75, 1.5, 11.46875, 1.53125], "texture": "#0"},
				"south": {"uv": [2.75, 12.75, 2.90625, 12.78125], "texture": "#0"},
				"west": {"uv": [7.75, 1.75, 11.46875, 1.78125], "texture": "#0"},
				"up": {"uv": [0.65625, 3.71875, 0.5, 0], "texture": "#0"},
				"down": {"uv": [0.90625, 0, 0.75, 3.71875], "texture": "#0"}
			}
		},
		{
			"from": [7.7, 1.8, 10.6],
			"to": [8.3, 1.9, 11],
			"faces": {
				"north": {"uv": [12.75, 2.75, 12.90625, 2.78125], "texture": "#0"},
				"east": {"uv": [3.5, 13, 3.59375, 13.03125], "texture": "#0"},
				"south": {"uv": [3, 12.75, 3.15625, 12.78125], "texture": "#0"},
				"west": {"uv": [13, 3.5, 13.09375, 3.53125], "texture": "#0"},
				"up": {"uv": [12.15625, 2.09375, 12, 2], "texture": "#0"},
				"down": {"uv": [2.40625, 12, 2.25, 12.09375], "texture": "#0"}
			}
		},
		{
			"from": [7.7, 1.8, 10.3],
			"to": [8.3, 1.9, 10.5],
			"faces": {
				"north": {"uv": [12.75, 3, 12.90625, 3.03125], "texture": "#0"},
				"east": {"uv": [5.5, 13, 5.5625, 13.03125], "texture": "#0"},
				"south": {"uv": [3.25, 12.75, 3.40625, 12.78125], "texture": "#0"},
				"west": {"uv": [13, 5.5, 13.0625, 5.53125], "texture": "#0"},
				"up": {"uv": [12.15625, 10.8125, 12, 10.75], "texture": "#0"},
				"down": {"uv": [11.65625, 12, 11.5, 12.0625], "texture": "#0"}
			}
		},
		{
			"from": [7.7, 1.8, 9.9],
			"to": [8.3, 1.9, 10.1],
			"faces": {
				"north": {"uv": [12.75, 3.5, 12.90625, 3.53125], "texture": "#0"},
				"east": {"uv": [6, 13, 6.0625, 13.03125], "texture": "#0"},
				"south": {"uv": [3.75, 12.75, 3.90625, 12.78125], "texture": "#0"},
				"west": {"uv": [13, 6, 13.0625, 6.03125], "texture": "#0"},
				"up": {"uv": [12.15625, 12.0625, 12, 12], "texture": "#0"},
				"down": {"uv": [0.15625, 12.25, 0, 12.3125], "texture": "#0"}
			}
		},
		{
			"from": [7.7, 1.8, 9.5],
			"to": [8.3, 1.9, 9.7],
			"faces": {
				"north": {"uv": [12.75, 3.25, 12.90625, 3.28125], "texture": "#0"},
				"east": {"uv": [5.75, 13, 5.8125, 13.03125], "texture": "#0"},
				"south": {"uv": [3.5, 12.75, 3.65625, 12.78125], "texture": "#0"},
				"west": {"uv": [13, 5.75, 13.0625, 5.78125], "texture": "#0"},
				"up": {"uv": [11.90625, 12.0625, 11.75, 12], "texture": "#0"},
				"down": {"uv": [12.15625, 11.75, 12, 11.8125], "texture": "#0"}
			}
		},
		{
			"from": [7.7, 1.8, 6.7],
			"to": [8.3, 1.9, 6.9],
			"faces": {
				"north": {"uv": [12.75, 5.5, 12.90625, 5.53125], "texture": "#0"},
				"east": {"uv": [8, 13, 8.0625, 13.03125], "texture": "#0"},
				"south": {"uv": [5.75, 12.75, 5.90625, 12.78125], "texture": "#0"},
				"west": {"uv": [13, 8, 13.0625, 8.03125], "texture": "#0"},
				"up": {"uv": [12.40625, 2.3125, 12.25, 2.25], "texture": "#0"},
				"down": {"uv": [2.65625, 12.25, 2.5, 12.3125], "texture": "#0"}
			}
		},
		{
			"from": [7.7, 1.8, 6.3],
			"to": [8.3, 1.9, 6.5],
			"faces": {
				"north": {"uv": [12.75, 5.25, 12.90625, 5.28125], "texture": "#0"},
				"east": {"uv": [7.75, 13, 7.8125, 13.03125], "texture": "#0"},
				"south": {"uv": [5.5, 12.75, 5.65625, 12.78125], "texture": "#0"},
				"west": {"uv": [13, 7.75, 13.0625, 7.78125], "texture": "#0"},
				"up": {"uv": [12.40625, 2.0625, 12.25, 2], "texture": "#0"},
				"down": {"uv": [2.40625, 12.25, 2.25, 12.3125], "texture": "#0"}
			}
		},
		{
			"from": [7.7, 1.8, 7.1],
			"to": [8.3, 1.9, 7.3],
			"faces": {
				"north": {"uv": [12.75, 5, 12.90625, 5.03125], "texture": "#0"},
				"east": {"uv": [7.5, 13, 7.5625, 13.03125], "texture": "#0"},
				"south": {"uv": [5.25, 12.75, 5.40625, 12.78125], "texture": "#0"},
				"west": {"uv": [13, 7.5, 13.0625, 7.53125], "texture": "#0"},
				"up": {"uv": [12.40625, 1.5625, 12.25, 1.5], "texture": "#0"},
				"down": {"uv": [12.40625, 1.75, 12.25, 1.8125], "texture": "#0"}
			}
		},
		{
			"from": [7.7, 1.8, 5.1],
			"to": [8.3, 1.9, 5.3],
			"faces": {
				"north": {"uv": [12.75, 6.5, 12.90625, 6.53125], "texture": "#0"},
				"east": {"uv": [9, 13, 9.0625, 13.03125], "texture": "#0"},
				"south": {"uv": [6.75, 12.75, 6.90625, 12.78125], "texture": "#0"},
				"west": {"uv": [13, 9, 13.0625, 9.03125], "texture": "#0"},
				"up": {"uv": [12.40625, 6.0625, 12.25, 6], "texture": "#0"},
				"down": {"uv": [12.40625, 6.25, 12.25, 6.3125], "texture": "#0"}
			}
		},
		{
			"from": [7.7, 1.8, 4.7],
			"to": [8.3, 1.9, 4.9],
			"faces": {
				"north": {"uv": [12.75, 6.25, 12.90625, 6.28125], "texture": "#0"},
				"east": {"uv": [8.75, 13, 8.8125, 13.03125], "texture": "#0"},
				"south": {"uv": [6.5, 12.75, 6.65625, 12.78125], "texture": "#0"},
				"west": {"uv": [13, 8.75, 13.0625, 8.78125], "texture": "#0"},
				"up": {"uv": [5.40625, 12.3125, 5.25, 12.25], "texture": "#0"},
				"down": {"uv": [12.40625, 5.25, 12.25, 5.3125], "texture": "#0"}
			}
		},
		{
			"from": [7.7, 1.8, 5.5],
			"to": [8.3, 1.9, 5.7],
			"faces": {
				"north": {"uv": [12.75, 6, 12.90625, 6.03125], "texture": "#0"},
				"east": {"uv": [8.5, 13, 8.5625, 13.03125], "texture": "#0"},
				"south": {"uv": [6.25, 12.75, 6.40625, 12.78125], "texture": "#0"},
				"west": {"uv": [13, 8.5, 13.0625, 8.53125], "texture": "#0"},
				"up": {"uv": [12.40625, 4.5625, 12.25, 4.5], "texture": "#0"},
				"down": {"uv": [12.40625, 4.75, 12.25, 4.8125], "texture": "#0"}
			}
		},
		{
			"from": [7.7, 1.8, 5.9],
			"to": [8.3, 1.9, 6.1],
			"faces": {
				"north": {"uv": [12.75, 5.75, 12.90625, 5.78125], "texture": "#0"},
				"east": {"uv": [8.25, 13, 8.3125, 13.03125], "texture": "#0"},
				"south": {"uv": [6, 12.75, 6.15625, 12.78125], "texture": "#0"},
				"west": {"uv": [13, 8.25, 13.0625, 8.28125], "texture": "#0"},
				"up": {"uv": [2.90625, 12.3125, 2.75, 12.25], "texture": "#0"},
				"down": {"uv": [4.65625, 12.25, 4.5, 12.3125], "texture": "#0"}
			}
		},
		{
			"from": [7.7, 1.8, 3.5],
			"to": [8.3, 1.9, 3.7],
			"faces": {
				"north": {"uv": [12.75, 7.5, 12.90625, 7.53125], "texture": "#0"},
				"east": {"uv": [10, 13, 10.0625, 13.03125], "texture": "#0"},
				"south": {"uv": [7.75, 12.75, 7.90625, 12.78125], "texture": "#0"},
				"west": {"uv": [13, 10, 13.0625, 10.03125], "texture": "#0"},
				"up": {"uv": [12.40625, 7.5625, 12.25, 7.5], "texture": "#0"},
				"down": {"uv": [7.90625, 12.25, 7.75, 12.3125], "texture": "#0"}
			}
		},
		{
			"from": [7.7, 1.8, 3.1],
			"to": [8.3, 1.9, 3.3],
			"faces": {
				"north": {"uv": [12.75, 7.25, 12.90625, 7.28125], "texture": "#0"},
				"east": {"uv": [9.75, 13, 9.8125, 13.03125], "texture": "#0"},
				"south": {"uv": [7.5, 12.75, 7.65625, 12.78125], "texture": "#0"},
				"west": {"uv": [13, 9.75, 13.0625, 9.78125], "texture": "#0"},
				"up": {"uv": [12.40625, 7.3125, 12.25, 7.25], "texture": "#0"},
				"down": {"uv": [7.65625, 12.25, 7.5, 12.3125], "texture": "#0"}
			}
		},
		{
			"from": [7.7, 1.8, 3.9],
			"to": [8.3, 1.9, 4.1],
			"faces": {
				"north": {"uv": [12.75, 7, 12.90625, 7.03125], "texture": "#0"},
				"east": {"uv": [9.5, 13, 9.5625, 13.03125], "texture": "#0"},
				"south": {"uv": [7.25, 12.75, 7.40625, 12.78125], "texture": "#0"},
				"west": {"uv": [13, 9.5, 13.0625, 9.53125], "texture": "#0"},
				"up": {"uv": [12.40625, 7.0625, 12.25, 7], "texture": "#0"},
				"down": {"uv": [7.40625, 12.25, 7.25, 12.3125], "texture": "#0"}
			}
		},
		{
			"from": [7.7, 1.8, 4.3],
			"to": [8.3, 1.9, 4.5],
			"faces": {
				"north": {"uv": [12.75, 6.75, 12.90625, 6.78125], "texture": "#0"},
				"east": {"uv": [9.25, 13, 9.3125, 13.03125], "texture": "#0"},
				"south": {"uv": [7, 12.75, 7.15625, 12.78125], "texture": "#0"},
				"west": {"uv": [13, 9.25, 13.0625, 9.28125], "texture": "#0"},
				"up": {"uv": [12.40625, 6.5625, 12.25, 6.5], "texture": "#0"},
				"down": {"uv": [12.40625, 6.75, 12.25, 6.8125], "texture": "#0"}
			}
		},
		{
			"from": [7.7, 1.8, 1.9],
			"to": [8.3, 1.9, 2.1],
			"faces": {
				"north": {"uv": [12.75, 8.5, 12.90625, 8.53125], "texture": "#0"},
				"east": {"uv": [11, 13, 11.0625, 13.03125], "texture": "#0"},
				"south": {"uv": [8.75, 12.75, 8.90625, 12.78125], "texture": "#0"},
				"west": {"uv": [13, 11, 13.0625, 11.03125], "texture": "#0"},
				"up": {"uv": [12.40625, 8.8125, 12.25, 8.75], "texture": "#0"},
				"down": {"uv": [9.40625, 12.25, 9.25, 12.3125], "texture": "#0"}
			}
		},
		{
			"from": [7.7, 1.8, 1.5],
			"to": [8.3, 1.9, 1.7],
			"faces": {
				"north": {"uv": [12.75, 8.25, 12.90625, 8.28125], "texture": "#0"},
				"east": {"uv": [10.75, 13, 10.8125, 13.03125], "texture": "#0"},
				"south": {"uv": [8.5, 12.75, 8.65625, 12.78125], "texture": "#0"},
				"west": {"uv": [13, 10.75, 13.0625, 10.78125], "texture": "#0"},
				"up": {"uv": [12.40625, 8.5625, 12.25, 8.5], "texture": "#0"},
				"down": {"uv": [8.90625, 12.25, 8.75, 12.3125], "texture": "#0"}
			}
		},
		{
			"from": [7.7, 1.8, 2.3],
			"to": [8.3, 1.9, 2.5],
			"faces": {
				"north": {"uv": [12.75, 8, 12.90625, 8.03125], "texture": "#0"},
				"east": {"uv": [10.5, 13, 10.5625, 13.03125], "texture": "#0"},
				"south": {"uv": [8.25, 12.75, 8.40625, 12.78125], "texture": "#0"},
				"west": {"uv": [13, 10.5, 13.0625, 10.53125], "texture": "#0"},
				"up": {"uv": [12.40625, 8.3125, 12.25, 8.25], "texture": "#0"},
				"down": {"uv": [8.65625, 12.25, 8.5, 12.3125], "texture": "#0"}
			}
		},
		{
			"from": [7.7, 1.8, 2.7],
			"to": [8.3, 1.9, 2.9],
			"faces": {
				"north": {"uv": [12.75, 7.75, 12.90625, 7.78125], "texture": "#0"},
				"east": {"uv": [10.25, 13, 10.3125, 13.03125], "texture": "#0"},
				"south": {"uv": [8, 12.75, 8.15625, 12.78125], "texture": "#0"},
				"west": {"uv": [13, 10.25, 13.0625, 10.28125], "texture": "#0"},
				"up": {"uv": [12.40625, 7.8125, 12.25, 7.75], "texture": "#0"},
				"down": {"uv": [12.40625, 8, 12.25, 8.0625], "texture": "#0"}
			}
		},
		{
			"from": [7.7, 1.8, -1.7],
			"to": [8.3, 1.9, -1.5],
			"faces": {
				"north": {"uv": [12.75, 10.75, 12.90625, 10.78125], "texture": "#0"},
				"east": {"uv": [13.25, 0, 13.3125, 0.03125], "texture": "#0"},
				"south": {"uv": [11, 12.75, 11.15625, 12.78125], "texture": "#0"},
				"west": {"uv": [0.25, 13.25, 0.3125, 13.28125], "texture": "#0"},
				"up": {"uv": [0.40625, 12.5625, 0.25, 12.5], "texture": "#0"},
				"down": {"uv": [12.65625, 0.25, 12.5, 0.3125], "texture": "#0"}
			}
		},
		{
			"from": [7.7, 1.8, -2.1],
			"to": [8.3, 1.9, -1.9],
			"faces": {
				"north": {"uv": [12.75, 10.5, 12.90625, 10.53125], "texture": "#0"},
				"east": {"uv": [13, 13, 13.0625, 13.03125], "texture": "#0"},
				"south": {"uv": [10.75, 12.75, 10.90625, 12.78125], "texture": "#0"},
				"west": {"uv": [0, 13.25, 0.0625, 13.28125], "texture": "#0"},
				"up": {"uv": [0.15625, 12.5625, 0, 12.5], "texture": "#0"},
				"down": {"uv": [12.65625, 0, 12.5, 0.0625], "texture": "#0"}
			}
		},
		{
			"from": [7.7, 1.8, -1.3],
			"to": [8.3, 1.9, -1.1],
			"faces": {
				"north": {"uv": [12.75, 10.25, 12.90625, 10.28125], "texture": "#0"},
				"east": {"uv": [12.75, 13, 12.8125, 13.03125], "texture": "#0"},
				"south": {"uv": [10.5, 12.75, 10.65625, 12.78125], "texture": "#0"},
				"west": {"uv": [13, 12.75, 13.0625, 12.78125], "texture": "#0"},
				"up": {"uv": [12.40625, 12.0625, 12.25, 12], "texture": "#0"},
				"down": {"uv": [12.40625, 12.25, 12.25, 12.3125], "texture": "#0"}
			}
		},
		{
			"from": [7.7, 1.8, -3.3],
			"to": [8.3, 1.9, -3.1],
			"faces": {
				"north": {"uv": [12.75, 11.5, 12.90625, 11.53125], "texture": "#0"},
				"east": {"uv": [13.25, 0.75, 13.3125, 0.78125], "texture": "#0"},
				"south": {"uv": [11.75, 12.75, 11.90625, 12.78125], "texture": "#0"},
				"west": {"uv": [1, 13.25, 1.0625, 13.28125], "texture": "#0"},
				"up": {"uv": [1.15625, 12.5625, 1, 12.5], "texture": "#0"},
				"down": {"uv": [12.65625, 1, 12.5, 1.0625], "texture": "#0"}
			}
		},
		{
			"from": [7.7, 1.8, -2.9],
			"to": [8.3, 1.9, -2.7],
			"faces": {
				"north": {"uv": [12.75, 11.25, 12.90625, 11.28125], "texture": "#0"},
				"east": {"uv": [13.25, 0.5, 13.3125, 0.53125], "texture": "#0"},
				"south": {"uv": [11.5, 12.75, 11.65625, 12.78125], "texture": "#0"},
				"west": {"uv": [0.75, 13.25, 0.8125, 13.28125], "texture": "#0"},
				"up": {"uv": [0.90625, 12.5625, 0.75, 12.5], "texture": "#0"},
				"down": {"uv": [12.65625, 0.75, 12.5, 0.8125], "texture": "#0"}
			}
		},
		{
			"from": [7.7, 1.8, -3.9],
			"to": [8.3, 1.9, -3.5],
			"faces": {
				"north": {"uv": [12.75, 11.75, 12.90625, 11.78125], "texture": "#0"},
				"east": {"uv": [3.75, 13, 3.84375, 13.03125], "texture": "#0"},
				"south": {"uv": [12, 12.75, 12.15625, 12.78125], "texture": "#0"},
				"west": {"uv": [13, 3.75, 13.09375, 3.78125], "texture": "#0"},
				"up": {"uv": [12.15625, 2.34375, 12, 2.25], "texture": "#0"},
				"down": {"uv": [2.65625, 12, 2.5, 12.09375], "texture": "#0"}
			}
		},
		{
			"from": [7.7, 1.8, -2.5],
			"to": [8.3, 1.9, -2.3],
			"faces": {
				"north": {"uv": [12.75, 11, 12.90625, 11.03125], "texture": "#0"},
				"east": {"uv": [13.25, 0.25, 13.3125, 0.28125], "texture": "#0"},
				"south": {"uv": [11.25, 12.75, 11.40625, 12.78125], "texture": "#0"},
				"west": {"uv": [0.5, 13.25, 0.5625, 13.28125], "texture": "#0"},
				"up": {"uv": [0.65625, 12.5625, 0.5, 12.5], "texture": "#0"},
				"down": {"uv": [12.65625, 0.5, 12.5, 0.5625], "texture": "#0"}
			}
		},
		{
			"from": [7.3, 0.65, -2.4],
			"to": [7.4, 0.95, -2.3],
			"rotation": {"angle": 0, "axis": "z", "origin": [9, 1.85, -2.6]},
			"faces": {
				"north": {"uv": [13.25, 3.5, 13.28125, 3.5625], "texture": "#0"},
				"east": {"uv": [3.75, 13.25, 3.78125, 13.3125], "texture": "#0"},
				"south": {"uv": [13.25, 3.75, 13.28125, 3.8125], "texture": "#0"},
				"west": {"uv": [4, 13.25, 4.03125, 13.3125], "texture": "#0"},
				"up": {"uv": [0.03125, 13.53125, 0, 13.5], "texture": "#0"},
				"down": {"uv": [13.53125, 0, 13.5, 0.03125], "texture": "#0"}
			}
		},
		{
			"from": [7.3, 0.65, -2.6],
			"to": [7.4, 0.95, -2.5],
			"rotation": {"angle": 0, "axis": "z", "origin": [9, 1.85, -2.6]},
			"faces": {
				"north": {"uv": [13.25, 3, 13.28125, 3.0625], "texture": "#0"},
				"east": {"uv": [3.25, 13.25, 3.28125, 13.3125], "texture": "#0"},
				"south": {"uv": [13.25, 3.25, 13.28125, 3.3125], "texture": "#0"},
				"west": {"uv": [3.5, 13.25, 3.53125, 13.3125], "texture": "#0"},
				"up": {"uv": [13.28125, 13.03125, 13.25, 13], "texture": "#0"},
				"down": {"uv": [13.28125, 13.25, 13.25, 13.28125], "texture": "#0"}
			}
		},
		{
			"from": [7.3, 0.65, -2.8],
			"to": [7.4, 0.95, -2.7],
			"rotation": {"angle": 0, "axis": "z", "origin": [9, 1.85, -2.6]},
			"faces": {
				"north": {"uv": [13.25, 2.5, 13.28125, 2.5625], "texture": "#0"},
				"east": {"uv": [2.75, 13.25, 2.78125, 13.3125], "texture": "#0"},
				"south": {"uv": [13.25, 2.75, 13.28125, 2.8125], "texture": "#0"},
				"west": {"uv": [3, 13.25, 3.03125, 13.3125], "texture": "#0"},
				"up": {"uv": [13.28125, 12.78125, 13.25, 12.75], "texture": "#0"},
				"down": {"uv": [13.03125, 13.25, 13, 13.28125], "texture": "#0"}
			}
		},
		{
			"from": [7.3, 0.65, -1.8],
			"to": [7.4, 0.95, -1.7],
			"rotation": {"angle": 0, "axis": "z", "origin": [9, 1.85, -2.6]},
			"faces": {
				"north": {"uv": [13.25, 2, 13.28125, 2.0625], "texture": "#0"},
				"east": {"uv": [2.25, 13.25, 2.28125, 13.3125], "texture": "#0"},
				"south": {"uv": [13.25, 2.25, 13.28125, 2.3125], "texture": "#0"},
				"west": {"uv": [2.5, 13.25, 2.53125, 13.3125], "texture": "#0"},
				"up": {"uv": [13.28125, 12.53125, 13.25, 12.5], "texture": "#0"},
				"down": {"uv": [12.78125, 13.25, 12.75, 13.28125], "texture": "#0"}
			}
		},
		{
			"from": [7.3, 0.65, -2],
			"to": [7.4, 0.95, -1.9],
			"rotation": {"angle": 0, "axis": "z", "origin": [9, 1.85, -2.6]},
			"faces": {
				"north": {"uv": [13.25, 1.5, 13.28125, 1.5625], "texture": "#0"},
				"east": {"uv": [1.75, 13.25, 1.78125, 13.3125], "texture": "#0"},
				"south": {"uv": [13.25, 1.75, 13.28125, 1.8125], "texture": "#0"},
				"west": {"uv": [2, 13.25, 2.03125, 13.3125], "texture": "#0"},
				"up": {"uv": [13.28125, 12.28125, 13.25, 12.25], "texture": "#0"},
				"down": {"uv": [12.53125, 13.25, 12.5, 13.28125], "texture": "#0"}
			}
		},
		{
			"from": [7.3, 0.65, -2.2],
			"to": [7.4, 0.95, -2.1],
			"rotation": {"angle": 0, "axis": "z", "origin": [9, 1.85, -2.6]},
			"faces": {
				"north": {"uv": [13.25, 1, 13.28125, 1.0625], "texture": "#0"},
				"east": {"uv": [1.25, 13.25, 1.28125, 13.3125], "texture": "#0"},
				"south": {"uv": [13.25, 1.25, 13.28125, 1.3125], "texture": "#0"},
				"west": {"uv": [1.5, 13.25, 1.53125, 13.3125], "texture": "#0"},
				"up": {"uv": [13.28125, 12.03125, 13.25, 12], "texture": "#0"},
				"down": {"uv": [12.28125, 13.25, 12.25, 13.28125], "texture": "#0"}
			}
		},
		{
			"from": [7.3, 0.65, -3.6],
			"to": [7.4, 0.95, -3.5],
			"rotation": {"angle": 0, "axis": "z", "origin": [9, 1.85, -2.6]},
			"faces": {
				"north": {"uv": [13.25, 5.5, 13.28125, 5.5625], "texture": "#0"},
				"east": {"uv": [5.75, 13.25, 5.78125, 13.3125], "texture": "#0"},
				"south": {"uv": [13.25, 5.75, 13.28125, 5.8125], "texture": "#0"},
				"west": {"uv": [6, 13.25, 6.03125, 13.3125], "texture": "#0"},
				"up": {"uv": [1.03125, 13.53125, 1, 13.5], "texture": "#0"},
				"down": {"uv": [13.53125, 1, 13.5, 1.03125], "texture": "#0"}
			}
		},
		{
			"from": [7.3, 0.65, -3.8],
			"to": [7.4, 0.95, -3.7],
			"rotation": {"angle": 0, "axis": "z", "origin": [9, 1.85, -2.6]},
			"faces": {
				"north": {"uv": [13.25, 6, 13.28125, 6.0625], "texture": "#0"},
				"east": {"uv": [6.25, 13.25, 6.28125, 13.3125], "texture": "#0"},
				"south": {"uv": [13.25, 6.25, 13.28125, 6.3125], "texture": "#0"},
				"west": {"uv": [6.5, 13.25, 6.53125, 13.3125], "texture": "#0"},
				"up": {"uv": [1.28125, 13.53125, 1.25, 13.5], "texture": "#0"},
				"down": {"uv": [13.53125, 1.25, 13.5, 1.28125], "texture": "#0"}
			}
		},
		{
			"from": [7.3, 0.65, -3.4],
			"to": [7.4, 0.95, -3.3],
			"rotation": {"angle": 0, "axis": "z", "origin": [9, 1.85, -2.6]},
			"faces": {
				"north": {"uv": [13.25, 5, 13.28125, 5.0625], "texture": "#0"},
				"east": {"uv": [5.25, 13.25, 5.28125, 13.3125], "texture": "#0"},
				"south": {"uv": [13.25, 5.25, 13.28125, 5.3125], "texture": "#0"},
				"west": {"uv": [5.5, 13.25, 5.53125, 13.3125], "texture": "#0"},
				"up": {"uv": [0.78125, 13.53125, 0.75, 13.5], "texture": "#0"},
				"down": {"uv": [13.53125, 0.75, 13.5, 0.78125], "texture": "#0"}
			}
		},
		{
			"from": [7.3, 0.65, -3.2],
			"to": [7.4, 0.95, -3.1],
			"rotation": {"angle": 0, "axis": "z", "origin": [9, 1.85, -2.6]},
			"faces": {
				"north": {"uv": [13.25, 4.5, 13.28125, 4.5625], "texture": "#0"},
				"east": {"uv": [4.75, 13.25, 4.78125, 13.3125], "texture": "#0"},
				"south": {"uv": [13.25, 4.75, 13.28125, 4.8125], "texture": "#0"},
				"west": {"uv": [5, 13.25, 5.03125, 13.3125], "texture": "#0"},
				"up": {"uv": [0.53125, 13.53125, 0.5, 13.5], "texture": "#0"},
				"down": {"uv": [13.53125, 0.5, 13.5, 0.53125], "texture": "#0"}
			}
		},
		{
			"from": [7.3, 0.65, -3],
			"to": [7.4, 0.95, -2.9],
			"rotation": {"angle": 0, "axis": "z", "origin": [9, 1.85, -2.6]},
			"faces": {
				"north": {"uv": [13.25, 4, 13.28125, 4.0625], "texture": "#0"},
				"east": {"uv": [4.25, 13.25, 4.28125, 13.3125], "texture": "#0"},
				"south": {"uv": [13.25, 4.25, 13.28125, 4.3125], "texture": "#0"},
				"west": {"uv": [4.5, 13.25, 4.53125, 13.3125], "texture": "#0"},
				"up": {"uv": [0.28125, 13.53125, 0.25, 13.5], "texture": "#0"},
				"down": {"uv": [13.53125, 0.25, 13.5, 0.28125], "texture": "#0"}
			}
		},
		{
			"from": [7.7, 1.8, -0.9],
			"to": [8.3, 1.9, -0.7],
			"faces": {
				"north": {"uv": [12.75, 10, 12.90625, 10.03125], "texture": "#0"},
				"east": {"uv": [12.5, 13, 12.5625, 13.03125], "texture": "#0"},
				"south": {"uv": [10.25, 12.75, 10.40625, 12.78125], "texture": "#0"},
				"west": {"uv": [13, 12.5, 13.0625, 12.53125], "texture": "#0"},
				"up": {"uv": [12.40625, 11.8125, 12.25, 11.75], "texture": "#0"},
				"down": {"uv": [12.15625, 12.25, 12, 12.3125], "texture": "#0"}
			}
		},
		{
			"from": [7.7, 1.8, -0.5],
			"to": [8.3, 1.9, -0.3],
			"faces": {
				"north": {"uv": [12.75, 9.75, 12.90625, 9.78125], "texture": "#0"},
				"east": {"uv": [12.25, 13, 12.3125, 13.03125], "texture": "#0"},
				"south": {"uv": [10, 12.75, 10.15625, 12.78125], "texture": "#0"},
				"west": {"uv": [13, 12.25, 13.0625, 12.28125], "texture": "#0"},
				"up": {"uv": [12.40625, 11.5625, 12.25, 11.5], "texture": "#0"},
				"down": {"uv": [11.90625, 12.25, 11.75, 12.3125], "texture": "#0"}
			}
		},
		{
			"from": [7.7, 1.8, -0.1],
			"to": [8.3, 1.9, 0.1],
			"faces": {
				"north": {"uv": [12.75, 9.5, 12.90625, 9.53125], "texture": "#0"},
				"east": {"uv": [12, 13, 12.0625, 13.03125], "texture": "#0"},
				"south": {"uv": [9.75, 12.75, 9.90625, 12.78125], "texture": "#0"},
				"west": {"uv": [13, 12, 13.0625, 12.03125], "texture": "#0"},
				"up": {"uv": [12.40625, 11.3125, 12.25, 11.25], "texture": "#0"},
				"down": {"uv": [11.65625, 12.25, 11.5, 12.3125], "texture": "#0"}
			}
		},
		{
			"from": [7.7, 1.8, 0.3],
			"to": [8.3, 1.9, 0.5],
			"faces": {
				"north": {"uv": [12.75, 9.25, 12.90625, 9.28125], "texture": "#0"},
				"east": {"uv": [11.75, 13, 11.8125, 13.03125], "texture": "#0"},
				"south": {"uv": [9.5, 12.75, 9.65625, 12.78125], "texture": "#0"},
				"west": {"uv": [13, 11.75, 13.0625, 11.78125], "texture": "#0"},
				"up": {"uv": [12.40625, 10.8125, 12.25, 10.75], "texture": "#0"},
				"down": {"uv": [12.40625, 11, 12.25, 11.0625], "texture": "#0"}
			}
		},
		{
			"from": [7.7, 1.8, 0.7],
			"to": [8.3, 1.9, 0.9],
			"faces": {
				"north": {"uv": [12.75, 9, 12.90625, 9.03125], "texture": "#0"},
				"east": {"uv": [11.5, 13, 11.5625, 13.03125], "texture": "#0"},
				"south": {"uv": [9.25, 12.75, 9.40625, 12.78125], "texture": "#0"},
				"west": {"uv": [13, 11.5, 13.0625, 11.53125], "texture": "#0"},
				"up": {"uv": [10.65625, 12.3125, 10.5, 12.25], "texture": "#0"},
				"down": {"uv": [12.40625, 10.5, 12.25, 10.5625], "texture": "#0"}
			}
		},
		{
			"from": [7.7, 1.8, 1.1],
			"to": [8.3, 1.9, 1.3],
			"faces": {
				"north": {"uv": [12.75, 8.75, 12.90625, 8.78125], "texture": "#0"},
				"east": {"uv": [11.25, 13, 11.3125, 13.03125], "texture": "#0"},
				"south": {"uv": [9, 12.75, 9.15625, 12.78125], "texture": "#0"},
				"west": {"uv": [13, 11.25, 13.0625, 11.28125], "texture": "#0"},
				"up": {"uv": [10.15625, 12.3125, 10, 12.25], "texture": "#0"},
				"down": {"uv": [10.40625, 12.25, 10.25, 12.3125], "texture": "#0"}
			}
		},
		{
			"from": [7.7, -0.1, -3.9],
			"to": [8.3, 0, -1.5],
			"faces": {
				"north": {"uv": [12.75, 2.25, 12.90625, 2.28125], "texture": "#0"},
				"east": {"uv": [11.5, 11, 12.09375, 11.03125], "texture": "#0"},
				"south": {"uv": [2.5, 12.75, 2.65625, 12.78125], "texture": "#0"},
				"west": {"uv": [11.25, 11.5, 11.84375, 11.53125], "texture": "#0"},
				"up": {"uv": [8.65625, 0.59375, 8.5, 0], "texture": "#0"},
				"down": {"uv": [0.40625, 8.5, 0.25, 9.09375], "texture": "#0"}
			}
		},
		{
			"from": [7.7, 0, 7],
			"to": [8.3, 1.6, 7.7],
			"faces": {
				"north": {"uv": [10.25, 2.25, 10.40625, 2.65625], "texture": "#0"},
				"east": {"uv": [0.25, 9.25, 0.4375, 9.65625], "texture": "#0"},
				"south": {"uv": [10.25, 4, 10.40625, 4.40625], "texture": "#0"},
				"west": {"uv": [9.25, 7.75, 9.4375, 8.15625], "texture": "#0"},
				"up": {"uv": [9.65625, 11.4375, 9.5, 11.25], "texture": "#0"},
				"down": {"uv": [9.90625, 11.25, 9.75, 11.4375], "texture": "#0"}
			}
		},
		{
			"from": [7.7, 1.5, 7.7],
			"to": [8.3, 1.6, 9.4],
			"faces": {
				"north": {"uv": [6.25, 12.5, 6.40625, 12.53125], "texture": "#0"},
				"east": {"uv": [12, 2.5, 12.4375, 2.53125], "texture": "#0"},
				"south": {"uv": [12.5, 6.25, 12.65625, 6.28125], "texture": "#0"},
				"west": {"uv": [12, 2.75, 12.4375, 2.78125], "texture": "#0"},
				"up": {"uv": [9.90625, 2.6875, 9.75, 2.25], "texture": "#0"},
				"down": {"uv": [9.90625, 4, 9.75, 4.4375], "texture": "#0"}
			}
		},
		{
			"from": [7.7, 0.1, 7.7],
			"to": [8.3, 0.2, 9.4],
			"faces": {
				"north": {"uv": [6.5, 12.5, 6.65625, 12.53125], "texture": "#0"},
				"east": {"uv": [12, 3, 12.4375, 3.03125], "texture": "#0"},
				"south": {"uv": [12.5, 6.5, 12.65625, 6.53125], "texture": "#0"},
				"west": {"uv": [12, 3.25, 12.4375, 3.28125], "texture": "#0"},
				"up": {"uv": [10.15625, 2.6875, 10, 2.25], "texture": "#0"},
				"down": {"uv": [10.15625, 4, 10, 4.4375], "texture": "#0"}
			}
		},
		{
			"from": [7.7, 0, 11],
			"to": [8.3, 1, 13.1],
			"faces": {
				"north": {"uv": [10.75, 11, 10.90625, 11.25], "texture": "#0"},
				"east": {"uv": [7.5, 2.5, 8.03125, 2.75], "texture": "#0"},
				"south": {"uv": [11, 11, 11.15625, 11.25], "texture": "#0"},
				"west": {"uv": [4.5, 7.5, 5.03125, 7.75], "texture": "#0"},
				"up": {"uv": [8.90625, 0.53125, 8.75, 0], "texture": "#0"},
				"down": {"uv": [9.15625, 0, 9, 0.53125], "texture": "#0"}
			}
		},
		{
			"from": [7.7, 0, 15.8],
			"to": [8.3, 1, 20.3],
			"rotation": {"angle": 0, "axis": "y", "origin": [0, 0, 1.4]},
			"faces": {
				"north": {"uv": [11.25, 1, 11.40625, 1.25], "texture": "#0"},
				"east": {"uv": [5.5, 3, 6.625, 3.25], "texture": "#0"},
				"south": {"uv": [1.5, 11.25, 1.65625, 11.5], "texture": "#0"},
				"west": {"uv": [5.5, 3.25, 6.625, 3.5], "texture": "#0"},
				"up": {"uv": [0.15625, 8.375, 0, 7.25], "texture": "#0"},
				"down": {"uv": [0.40625, 7.25, 0.25, 8.375], "texture": "#0"}
			}
		},
		{
			"from": [7.4, -1.5, 20.3],
			"to": [8.6, 0.4, 20.4],
			"rotation": {"angle": 0, "axis": "y", "origin": [0, 0, 1.4]},
			"faces": {
				"north": {"uv": [7.25, 7, 7.5625, 7.46875], "texture": "#0"},
				"east": {"uv": [12, 1, 12.03125, 1.46875], "texture": "#0"},
				"south": {"uv": [2, 7.5, 2.3125, 7.96875], "texture": "#0"},
				"west": {"uv": [1.25, 12, 1.28125, 12.46875], "texture": "#0"},
				"up": {"uv": [12.3125, 10.03125, 12, 10], "texture": "#0"},
				"down": {"uv": [12.3125, 10.25, 12, 10.28125], "texture": "#0"}
			}
		},
		{
			"from": [7.7, -0.2, 20.3],
			"to": [8.3, 1.2, 20.4],
			"rotation": {"angle": 0, "axis": "y", "origin": [0, 0, 1.4]},
			"faces": {
				"north": {"uv": [10.25, 8, 10.40625, 8.34375], "texture": "#0"},
				"east": {"uv": [5.5, 12, 5.53125, 12.34375], "texture": "#0"},
				"south": {"uv": [10.75, 6, 10.90625, 6.34375], "texture": "#0"},
				"west": {"uv": [5.75, 12, 5.78125, 12.34375], "texture": "#0"},
				"up": {"uv": [12.90625, 0.28125, 12.75, 0.25], "texture": "#0"},
				"down": {"uv": [0.65625, 12.75, 0.5, 12.78125], "texture": "#0"}
			}
		},
		{
			"from": [7.7, -2.2, 20.3],
			"to": [8.3, -2, 20.4],
			"rotation": {"angle": 0, "axis": "y", "origin": [0, 0, 1.4]},
			"faces": {
				"north": {"uv": [10.5, 12, 10.65625, 12.0625], "texture": "#0"},
				"east": {"uv": [5, 13, 5.03125, 13.0625], "texture": "#0"},
				"south": {"uv": [12, 10.5, 12.15625, 10.5625], "texture": "#0"},
				"west": {"uv": [13, 5, 13.03125, 5.0625], "texture": "#0"},
				"up": {"uv": [12.90625, 0.53125, 12.75, 0.5], "texture": "#0"},
				"down": {"uv": [0.90625, 12.75, 0.75, 12.78125], "texture": "#0"}
			}
		},
		{
			"from": [7.9, -1.1, 16.6],
			"to": [8.1, -0.1, 20.3],
			"rotation": {"angle": 0, "axis": "y", "origin": [0, 0, 1.4]},
			"faces": {
				"north": {"uv": [10, 11.75, 10.0625, 12], "texture": "#0"},
				"east": {"uv": [5.5, 3.5, 6.4375, 3.75], "texture": "#0"},
				"south": {"uv": [11.75, 10, 11.8125, 10.25], "texture": "#0"},
				"west": {"uv": [5.5, 3.75, 6.4375, 4], "texture": "#0"},
				"up": {"uv": [9.0625, 11.4375, 9, 10.5], "texture": "#0"},
				"down": {"uv": [10.5625, 9, 10.5, 9.9375], "texture": "#0"}
			}
		},
		{
			"from": [7.9, -1.9, 19.9],
			"to": [8.1, -1.1, 20.3],
			"rotation": {"angle": 0, "axis": "y", "origin": [0, 0, 1.4]},
			"faces": {
				"north": {"uv": [5.25, 12, 5.3125, 12.1875], "texture": "#0"},
				"east": {"uv": [8.5, 11.75, 8.59375, 11.9375], "texture": "#0"},
				"south": {"uv": [12, 5.25, 12.0625, 5.4375], "texture": "#0"},
				"west": {"uv": [11.75, 8.5, 11.84375, 8.6875], "texture": "#0"},
				"up": {"uv": [4.0625, 12.59375, 4, 12.5], "texture": "#0"},
				"down": {"uv": [12.5625, 4, 12.5, 4.09375], "texture": "#0"}
			}
		},
		{
			"from": [7.6, -2.2, 19.9],
			"to": [8.4, -1.2, 20.3],
			"rotation": {"angle": 0, "axis": "y", "origin": [-0.1, -0.1, 1.4]},
			"faces": {
				"north": {"uv": [11, 8.5, 11.1875, 8.75], "texture": "#0"},
				"east": {"uv": [11.5, 9.25, 11.59375, 9.5], "texture": "#0"},
				"south": {"uv": [11, 8.75, 11.1875, 9], "texture": "#0"},
				"west": {"uv": [9.5, 11.5, 9.59375, 11.75], "texture": "#0"},
				"up": {"uv": [8.9375, 11.84375, 8.75, 11.75], "texture": "#0"},
				"down": {"uv": [11.9375, 8.75, 11.75, 8.84375], "texture": "#0"}
			}
		},
		{
			"from": [7.9, -1.6, 18.3],
			"to": [8.1, -1.3, 20.4],
			"rotation": {"angle": 22.5, "axis": "x", "origin": [8, -0.6, 19.4]},
			"faces": {
				"north": {"uv": [11.75, 10.25, 11.8125, 10.5], "texture": "#0"},
				"east": {"uv": [5.25, 7.5, 5.78125, 7.75], "texture": "#0"},
				"south": {"uv": [11.75, 10.5, 11.8125, 10.75], "texture": "#0"},
				"west": {"uv": [6, 7.5, 6.53125, 7.75], "texture": "#0"},
				"up": {"uv": [9.3125, 11.78125, 9.25, 11.25], "texture": "#0"},
				"down": {"uv": [11.3125, 9.25, 11.25, 9.78125], "texture": "#0"}
			}
		},
		{
			"from": [7.6, -1.8, 18.7],
			"to": [8.4, -0.8, 20.5],
			"rotation": {"angle": 22.5, "axis": "x", "origin": [7.9, -0.7, 19.4]},
			"faces": {
				"north": {"uv": [11, 6.75, 11.1875, 7], "texture": "#0"},
				"east": {"uv": [7.75, 2, 8.1875, 2.25], "texture": "#0"},
				"south": {"uv": [11, 7.5, 11.1875, 7.75], "texture": "#0"},
				"west": {"uv": [7.75, 2.25, 8.1875, 2.5], "texture": "#0"},
				"up": {"uv": [9.1875, 2.6875, 9, 2.25], "texture": "#0"},
				"down": {"uv": [9.4375, 0, 9.25, 0.4375], "texture": "#0"}
			}
		},
		{
			"from": [7.8, -0.5, 10.3],
			"to": [8.2, -0.4, 11.6],
			"faces": {
				"north": {"uv": [2.5, 13, 2.59375, 13.03125], "texture": "#0"},
				"east": {"uv": [12, 9.75, 12.3125, 9.78125], "texture": "#0"},
				"south": {"uv": [13, 2.5, 13.09375, 2.53125], "texture": "#0"},
				"west": {"uv": [10, 12, 10.3125, 12.03125], "texture": "#0"},
				"up": {"uv": [11.34375, 10.3125, 11.25, 10], "texture": "#0"},
				"down": {"uv": [11.34375, 10.5, 11.25, 10.8125], "texture": "#0"}
			}
		},
		{
			"from": [7.7, -2.2, 11.6],
			"to": [8.3, 0.2, 12.7],
			"rotation": {"angle": -22.5, "axis": "x", "origin": [8, -0.3, 11.9]},
			"faces": {
				"north": {"uv": [8.25, 0, 8.40625, 0.59375], "texture": "#0"},
				"east": {"uv": [0.5, 7.25, 0.78125, 7.84375], "texture": "#0"},
				"south": {"uv": [8.25, 2, 8.40625, 2.59375], "texture": "#0"},
				"west": {"uv": [7.25, 1.25, 7.53125, 1.84375], "texture": "#0"},
				"up": {"uv": [11.15625, 9.28125, 11, 9], "texture": "#0"},
				"down": {"uv": [11.15625, 9.5, 11, 9.78125], "texture": "#0"}
			}
		},
		{
			"from": [7.8, -0.67247, 11.4245],
			"to": [8.2, 1.02753, 12.2245],
			"rotation": {"angle": 22.5, "axis": "x", "origin": [8, 0.02753, 11.8245]},
			"faces": {
				"north": {"uv": [11, 10, 11.09375, 10.4375], "texture": "#0"},
				"east": {"uv": [8.5, 2.25, 8.6875, 2.6875], "texture": "#0"},
				"south": {"uv": [10.25, 11, 10.34375, 11.4375], "texture": "#0"},
				"west": {"uv": [8.75, 2.25, 8.9375, 2.6875], "texture": "#0"},
				"up": {"uv": [11.84375, 3.6875, 11.75, 3.5], "texture": "#0"},
				"down": {"uv": [11.84375, 3.75, 11.75, 3.9375], "texture": "#0"}
			}
		},
		{
			"from": [7.9, -0.57247, 11.1245],
			"to": [8.1, -0.07247, 11.2245],
			"rotation": {"angle": 22.5, "axis": "x", "origin": [8, 0.02753, 11.8245]},
			"faces": {
				"north": {"uv": [1.75, 12.5, 1.8125, 12.625], "texture": "#0"},
				"east": {"uv": [1, 13, 1.03125, 13.125], "texture": "#0"},
				"south": {"uv": [12.5, 1.75, 12.5625, 1.875], "texture": "#0"},
				"west": {"uv": [13, 1, 13.03125, 1.125], "texture": "#0"},
				"up": {"uv": [4.8125, 13.03125, 4.75, 13], "texture": "#0"},
				"down": {"uv": [13.0625, 4.75, 13, 4.78125], "texture": "#0"}
			}
		},
		{
			"from": [7.8, -0.0658, 9.12377],
			"to": [8.2, 0.0342, 10.82377],
			"rotation": {"angle": 45, "axis": "x", "origin": [8, 0.2842, 10.07377]},
			"faces": {
				"north": {"uv": [2.75, 13, 2.84375, 13.03125], "texture": "#0"},
				"east": {"uv": [12, 3.5, 12.4375, 3.53125], "texture": "#0"},
				"south": {"uv": [13, 2.75, 13.09375, 2.78125], "texture": "#0"},
				"west": {"uv": [12, 3.75, 12.4375, 3.78125], "texture": "#0"},
				"up": {"uv": [10.59375, 11.4375, 10.5, 11], "texture": "#0"},
				"down": {"uv": [11.09375, 10.5, 11, 10.9375], "texture": "#0"}
			}
		},
		{
			"from": [7.7, -2.3, 11.5],
			"to": [8.3, -2.2, 12.7],
			"rotation": {"angle": -22.5, "axis": "x", "origin": [8, -0.3, 11.9]},
			"faces": {
				"north": {"uv": [6.75, 12.5, 6.90625, 12.53125], "texture": "#0"},
				"east": {"uv": [12, 9.25, 12.3125, 9.28125], "texture": "#0"},
				"south": {"uv": [12.5, 6.75, 12.65625, 6.78125], "texture": "#0"},
				"west": {"uv": [12, 9.5, 12.3125, 9.53125], "texture": "#0"},
				"up": {"uv": [2.40625, 11.3125, 2.25, 11], "texture": "#0"},
				"down": {"uv": [11.15625, 8, 11, 8.3125], "texture": "#0"}
			}
		},
		{
			"from": [7.6, 1.3, 10.5],
			"to": [8.4, 1.65, 12.8],
			"rotation": {"angle": 22.5, "axis": "x", "origin": [8, 0.45, 10.6]},
			"faces": {
				"north": {"uv": [11.5, 11.25, 11.6875, 11.34375], "texture": "#0"},
				"east": {"uv": [1.5, 11, 2.0625, 11.09375], "texture": "#0"},
				"south": {"uv": [11.75, 2.25, 11.9375, 2.34375], "texture": "#0"},
				"west": {"uv": [3, 11, 3.5625, 11.09375], "texture": "#0"},
				"up": {"uv": [7.9375, 5.0625, 7.75, 4.5], "texture": "#0"},
				"down": {"uv": [5.4375, 7.75, 5.25, 8.3125], "texture": "#0"}
			}
		},
		{
			"from": [7.5, 1, 10.6],
			"to": [7.6, 1.45, 11.9],
			"rotation": {"angle": 22.5, "axis": "x", "origin": [8, 0.45, 10.6]},
			"faces": {
				"north": {"uv": [0, 13, 0.03125, 13.125], "texture": "#0"},
				"east": {"uv": [0.5, 11.25, 0.8125, 11.375], "texture": "#0"},
				"south": {"uv": [13, 0, 13.03125, 0.125], "texture": "#0"},
				"west": {"uv": [11.25, 0.5, 11.5625, 0.625], "texture": "#0"},
				"up": {"uv": [12.03125, 8.0625, 12, 7.75], "texture": "#0"},
				"down": {"uv": [8.03125, 12, 8, 12.3125], "texture": "#0"}
			}
		},
		{
			"from": [8.4, 1, 10.6],
			"to": [8.5, 1.45, 11.9],
			"rotation": {"angle": 22.5, "axis": "x", "origin": [8, 0.45, 10.6]},
			"faces": {
				"north": {"uv": [0.25, 13, 0.28125, 13.125], "texture": "#0"},
				"east": {"uv": [11.25, 0.75, 11.5625, 0.875], "texture": "#0"},
				"south": {"uv": [13, 0.25, 13.03125, 0.375], "texture": "#0"},
				"west": {"uv": [1, 11.25, 1.3125, 11.375], "texture": "#0"},
				"up": {"uv": [8.28125, 12.3125, 8.25, 12], "texture": "#0"},
				"down": {"uv": [12.03125, 8.25, 12, 8.5625], "texture": "#0"}
			}
		},
		{
			"from": [7.5, 0.2, 7],
			"to": [7.7, 1.4, 11],
			"faces": {
				"north": {"uv": [10.5, 11.5, 10.5625, 11.8125], "texture": "#0"},
				"east": {"uv": [1, 5.5, 2, 5.8125], "texture": "#0"},
				"south": {"uv": [11.5, 10.5, 11.5625, 10.8125], "texture": "#0"},
				"west": {"uv": [5.5, 2.5, 6.5, 2.8125], "texture": "#0"},
				"up": {"uv": [10.3125, 10, 10.25, 9], "texture": "#0"},
				"down": {"uv": [9.3125, 10.25, 9.25, 11.25], "texture": "#0"}
			}
		},
		{
			"from": [7.5, 0.2, -3.9],
			"to": [7.6, 1.5, -1.5],
			"faces": {
				"north": {"uv": [10.75, 12, 10.78125, 12.3125], "texture": "#0"},
				"east": {"uv": [7, 4.5, 7.59375, 4.8125], "texture": "#0"},
				"south": {"uv": [11, 12, 11.03125, 12.3125], "texture": "#0"},
				"west": {"uv": [5, 7, 5.59375, 7.3125], "texture": "#0"},
				"up": {"uv": [4.78125, 12.34375, 4.75, 11.75], "texture": "#0"},
				"down": {"uv": [5.03125, 11.75, 5, 12.34375], "texture": "#0"}
			}
		},
		{
			"from": [7.4, 0.6, -3.8],
			"to": [7.5, 1, -1.6],
			"faces": {
				"north": {"uv": [4, 13, 4.03125, 13.09375], "texture": "#0"},
				"east": {"uv": [11, 3, 11.5625, 3.09375], "texture": "#0"},
				"south": {"uv": [13, 4, 13.03125, 4.09375], "texture": "#0"},
				"west": {"uv": [11, 3.25, 11.5625, 3.34375], "texture": "#0"},
				"up": {"uv": [9.03125, 12.3125, 9, 11.75], "texture": "#0"},
				"down": {"uv": [11.78125, 9.25, 11.75, 9.8125], "texture": "#0"}
			}
		},
		{
			"from": [8.6, 0.65, -3.8],
			"to": [8.7, 0.95, -3.7],
			"rotation": {"angle": 0, "axis": "z", "origin": [7, 1.85, -2.6]},
			"faces": {
				"north": {"uv": [13.25, 11.5, 13.28125, 11.5625], "texture": "#0"},
				"east": {"uv": [11.75, 13.25, 11.78125, 13.3125], "texture": "#0"},
				"south": {"uv": [13.25, 11.75, 13.28125, 11.8125], "texture": "#0"},
				"west": {"uv": [12, 13.25, 12.03125, 13.3125], "texture": "#0"},
				"up": {"uv": [4.03125, 13.53125, 4, 13.5], "texture": "#0"},
				"down": {"uv": [13.53125, 4, 13.5, 4.03125], "texture": "#0"}
			}
		},
		{
			"from": [8.6, 0.65, -3.6],
			"to": [8.7, 0.95, -3.5],
			"rotation": {"angle": 0, "axis": "z", "origin": [7, 1.85, -2.6]},
			"faces": {
				"north": {"uv": [13.25, 11, 13.28125, 11.0625], "texture": "#0"},
				"east": {"uv": [11.25, 13.25, 11.28125, 13.3125], "texture": "#0"},
				"south": {"uv": [13.25, 11.25, 13.28125, 11.3125], "texture": "#0"},
				"west": {"uv": [11.5, 13.25, 11.53125, 13.3125], "texture": "#0"},
				"up": {"uv": [3.78125, 13.53125, 3.75, 13.5], "texture": "#0"},
				"down": {"uv": [13.53125, 3.75, 13.5, 3.78125], "texture": "#0"}
			}
		},
		{
			"from": [8.6, 0.65, -3.4],
			"to": [8.7, 0.95, -3.3],
			"rotation": {"angle": 0, "axis": "z", "origin": [7, 1.85, -2.6]},
			"faces": {
				"north": {"uv": [13.25, 10.5, 13.28125, 10.5625], "texture": "#0"},
				"east": {"uv": [10.75, 13.25, 10.78125, 13.3125], "texture": "#0"},
				"south": {"uv": [13.25, 10.75, 13.28125, 10.8125], "texture": "#0"},
				"west": {"uv": [11, 13.25, 11.03125, 13.3125], "texture": "#0"},
				"up": {"uv": [3.53125, 13.53125, 3.5, 13.5], "texture": "#0"},
				"down": {"uv": [13.53125, 3.5, 13.5, 3.53125], "texture": "#0"}
			}
		},
		{
			"from": [8.6, 0.65, -3.2],
			"to": [8.7, 0.95, -3.1],
			"rotation": {"angle": 0, "axis": "z", "origin": [7, 1.85, -2.6]},
			"faces": {
				"north": {"uv": [13.25, 10, 13.28125, 10.0625], "texture": "#0"},
				"east": {"uv": [10.25, 13.25, 10.28125, 13.3125], "texture": "#0"},
				"south": {"uv": [13.25, 10.25, 13.28125, 10.3125], "texture": "#0"},
				"west": {"uv": [10.5, 13.25, 10.53125, 13.3125], "texture": "#0"},
				"up": {"uv": [3.28125, 13.53125, 3.25, 13.5], "texture": "#0"},
				"down": {"uv": [13.53125, 3.25, 13.5, 3.28125], "texture": "#0"}
			}
		},
		{
			"from": [8.6, 0.65, -3],
			"to": [8.7, 0.95, -2.9],
			"rotation": {"angle": 0, "axis": "z", "origin": [7, 1.85, -2.6]},
			"faces": {
				"north": {"uv": [13.25, 9.5, 13.28125, 9.5625], "texture": "#0"},
				"east": {"uv": [9.75, 13.25, 9.78125, 13.3125], "texture": "#0"},
				"south": {"uv": [13.25, 9.75, 13.28125, 9.8125], "texture": "#0"},
				"west": {"uv": [10, 13.25, 10.03125, 13.3125], "texture": "#0"},
				"up": {"uv": [3.03125, 13.53125, 3, 13.5], "texture": "#0"},
				"down": {"uv": [13.53125, 3, 13.5, 3.03125], "texture": "#0"}
			}
		},
		{
			"from": [8.6, 0.65, -2.8],
			"to": [8.7, 0.95, -2.7],
			"rotation": {"angle": 0, "axis": "z", "origin": [7, 1.85, -2.6]},
			"faces": {
				"north": {"uv": [13.25, 9, 13.28125, 9.0625], "texture": "#0"},
				"east": {"uv": [9.25, 13.25, 9.28125, 13.3125], "texture": "#0"},
				"south": {"uv": [13.25, 9.25, 13.28125, 9.3125], "texture": "#0"},
				"west": {"uv": [9.5, 13.25, 9.53125, 13.3125], "texture": "#0"},
				"up": {"uv": [2.78125, 13.53125, 2.75, 13.5], "texture": "#0"},
				"down": {"uv": [13.53125, 2.75, 13.5, 2.78125], "texture": "#0"}
			}
		},
		{
			"from": [8.6, 0.65, -2.6],
			"to": [8.7, 0.95, -2.5],
			"rotation": {"angle": 0, "axis": "z", "origin": [7, 1.85, -2.6]},
			"faces": {
				"north": {"uv": [13.25, 8.5, 13.28125, 8.5625], "texture": "#0"},
				"east": {"uv": [8.75, 13.25, 8.78125, 13.3125], "texture": "#0"},
				"south": {"uv": [13.25, 8.75, 13.28125, 8.8125], "texture": "#0"},
				"west": {"uv": [9, 13.25, 9.03125, 13.3125], "texture": "#0"},
				"up": {"uv": [2.53125, 13.53125, 2.5, 13.5], "texture": "#0"},
				"down": {"uv": [13.53125, 2.5, 13.5, 2.53125], "texture": "#0"}
			}
		},
		{
			"from": [8.6, 0.65, -2.4],
			"to": [8.7, 0.95, -2.3],
			"rotation": {"angle": 0, "axis": "z", "origin": [7, 1.85, -2.6]},
			"faces": {
				"north": {"uv": [13.25, 8, 13.28125, 8.0625], "texture": "#0"},
				"east": {"uv": [8.25, 13.25, 8.28125, 13.3125], "texture": "#0"},
				"south": {"uv": [13.25, 8.25, 13.28125, 8.3125], "texture": "#0"},
				"west": {"uv": [8.5, 13.25, 8.53125, 13.3125], "texture": "#0"},
				"up": {"uv": [2.28125, 13.53125, 2.25, 13.5], "texture": "#0"},
				"down": {"uv": [13.53125, 2.25, 13.5, 2.28125], "texture": "#0"}
			}
		},
		{
			"from": [8.6, 0.65, -2.2],
			"to": [8.7, 0.95, -2.1],
			"rotation": {"angle": 0, "axis": "z", "origin": [7, 1.85, -2.6]},
			"faces": {
				"north": {"uv": [13.25, 7.5, 13.28125, 7.5625], "texture": "#0"},
				"east": {"uv": [7.75, 13.25, 7.78125, 13.3125], "texture": "#0"},
				"south": {"uv": [13.25, 7.75, 13.28125, 7.8125], "texture": "#0"},
				"west": {"uv": [8, 13.25, 8.03125, 13.3125], "texture": "#0"},
				"up": {"uv": [2.03125, 13.53125, 2, 13.5], "texture": "#0"},
				"down": {"uv": [13.53125, 2, 13.5, 2.03125], "texture": "#0"}
			}
		},
		{
			"from": [8.6, 0.65, -2],
			"to": [8.7, 0.95, -1.9],
			"rotation": {"angle": 0, "axis": "z", "origin": [7, 1.85, -2.6]},
			"faces": {
				"north": {"uv": [13.25, 7, 13.28125, 7.0625], "texture": "#0"},
				"east": {"uv": [7.25, 13.25, 7.28125, 13.3125], "texture": "#0"},
				"south": {"uv": [13.25, 7.25, 13.28125, 7.3125], "texture": "#0"},
				"west": {"uv": [7.5, 13.25, 7.53125, 13.3125], "texture": "#0"},
				"up": {"uv": [1.78125, 13.53125, 1.75, 13.5], "texture": "#0"},
				"down": {"uv": [13.53125, 1.75, 13.5, 1.78125], "texture": "#0"}
			}
		},
		{
			"from": [8.6, 0.65, -1.8],
			"to": [8.7, 0.95, -1.7],
			"rotation": {"angle": 0, "axis": "z", "origin": [7, 1.85, -2.6]},
			"faces": {
				"north": {"uv": [13.25, 6.5, 13.28125, 6.5625], "texture": "#0"},
				"east": {"uv": [6.75, 13.25, 6.78125, 13.3125], "texture": "#0"},
				"south": {"uv": [13.25, 6.75, 13.28125, 6.8125], "texture": "#0"},
				"west": {"uv": [7, 13.25, 7.03125, 13.3125], "texture": "#0"},
				"up": {"uv": [1.53125, 13.53125, 1.5, 13.5], "texture": "#0"},
				"down": {"uv": [13.53125, 1.5, 13.5, 1.53125], "texture": "#0"}
			}
		},
		{
			"from": [8.5, 0.6, -3.8],
			"to": [8.6, 1, -1.6],
			"rotation": {"angle": 0, "axis": "y", "origin": [16, 0, 0]},
			"faces": {
				"north": {"uv": [4.25, 13, 4.28125, 13.09375], "texture": "#0"},
				"east": {"uv": [3.75, 11, 4.3125, 11.09375], "texture": "#0"},
				"south": {"uv": [13, 4.25, 13.03125, 4.34375], "texture": "#0"},
				"west": {"uv": [11, 4.5, 11.5625, 4.59375], "texture": "#0"},
				"up": {"uv": [9.53125, 12.3125, 9.5, 11.75], "texture": "#0"},
				"down": {"uv": [9.78125, 11.75, 9.75, 12.3125], "texture": "#0"}
			}
		},
		{
			"from": [8.4, 0.2, -3.9],
			"to": [8.5, 1.5, -1.5],
			"faces": {
				"north": {"uv": [11.25, 12, 11.28125, 12.3125], "texture": "#0"},
				"east": {"uv": [5.75, 7, 6.34375, 7.3125], "texture": "#0"},
				"south": {"uv": [12, 11.25, 12.03125, 11.5625], "texture": "#0"},
				"west": {"uv": [6.5, 7, 7.09375, 7.3125], "texture": "#0"},
				"up": {"uv": [11.78125, 7.34375, 11.75, 6.75], "texture": "#0"},
				"down": {"uv": [11.78125, 7.5, 11.75, 8.09375], "texture": "#0"}
			}
		},
		{
			"from": [7.5, 0.2, 11],
			"to": [7.7, 0.9, 12.6],
			"faces": {
				"north": {"uv": [12, 4.5, 12.0625, 4.6875], "texture": "#0"},
				"east": {"uv": [9.25, 0.5, 9.65625, 0.6875], "texture": "#0"},
				"south": {"uv": [12, 4.75, 12.0625, 4.9375], "texture": "#0"},
				"west": {"uv": [9.25, 2.25, 9.65625, 2.4375], "texture": "#0"},
				"up": {"uv": [1.0625, 11.90625, 1, 11.5], "texture": "#0"},
				"down": {"uv": [11.5625, 1, 11.5, 1.40625], "texture": "#0"}
			}
		},
		{
			"from": [7.3, 0.4, 11.5],
			"to": [7.5, 0.7, 13.1],
			"faces": {
				"north": {"uv": [0.5, 13, 0.5625, 13.0625], "texture": "#0"},
				"east": {"uv": [11.5, 2.5, 11.90625, 2.5625], "texture": "#0"},
				"south": {"uv": [13, 0.5, 13.0625, 0.5625], "texture": "#0"},
				"west": {"uv": [4.75, 11.5, 5.15625, 11.5625], "texture": "#0"},
				"up": {"uv": [5.3125, 11.90625, 5.25, 11.5], "texture": "#0"},
				"down": {"uv": [11.5625, 6, 11.5, 6.40625], "texture": "#0"}
			}
		},
		{
			"from": [8.5, 0.4, 11.5],
			"to": [8.7, 0.7, 13.1],
			"rotation": {"angle": 0, "axis": "y", "origin": [16, 0, 0]},
			"faces": {
				"north": {"uv": [0.75, 13, 0.8125, 13.0625], "texture": "#0"},
				"east": {"uv": [11.5, 4.75, 11.90625, 4.8125], "texture": "#0"},
				"south": {"uv": [13, 0.75, 13.0625, 0.8125], "texture": "#0"},
				"west": {"uv": [11.5, 6.5, 11.90625, 6.5625], "texture": "#0"},
				"up": {"uv": [11.5625, 7.15625, 11.5, 6.75], "texture": "#0"},
				"down": {"uv": [11.5625, 7.25, 11.5, 7.65625], "texture": "#0"}
			}
		},
		{
			"from": [7.3, 0.4, 11.5],
			"to": [7.5, 0.9, 13.1],
			"rotation": {"angle": -45, "axis": "z", "origin": [7.6, 0.55, 11.8]},
			"faces": {
				"north": {"uv": [1.25, 12.5, 1.3125, 12.625], "texture": "#0"},
				"east": {"uv": [11, 4.75, 11.40625, 4.875], "texture": "#0"},
				"south": {"uv": [12.5, 1.25, 12.5625, 1.375], "texture": "#0"},
				"west": {"uv": [11, 6, 11.40625, 6.125], "texture": "#0"},
				"up": {"uv": [1.3125, 11.90625, 1.25, 11.5], "texture": "#0"},
				"down": {"uv": [1.5625, 11.5, 1.5, 11.90625], "texture": "#0"}
			}
		},
		{
			"from": [8.5, 0.4, 11.5],
			"to": [8.7, 0.9, 13.1],
			"rotation": {"angle": 45, "axis": "z", "origin": [8.4, 0.55, 11.8]},
			"faces": {
				"north": {"uv": [1.5, 12.5, 1.5625, 12.625], "texture": "#0"},
				"east": {"uv": [11, 6.25, 11.40625, 6.375], "texture": "#0"},
				"south": {"uv": [12.5, 1.5, 12.5625, 1.625], "texture": "#0"},
				"west": {"uv": [6.75, 11, 7.15625, 11.125], "texture": "#0"},
				"up": {"uv": [11.5625, 1.90625, 11.5, 1.5], "texture": "#0"},
				"down": {"uv": [11.5625, 2, 11.5, 2.40625], "texture": "#0"}
			}
		},
		{
			"from": [8.64142, 0.04142, 11.5],
			"to": [8.84142, 0.64142, 13.1],
			"rotation": {"angle": -45, "axis": "z", "origin": [8.54142, 0.69142, 12.3]},
			"faces": {
				"north": {"uv": [8.5, 12, 8.5625, 12.15625], "texture": "#0"},
				"east": {"uv": [9.75, 0.5, 10.15625, 0.65625], "texture": "#0"},
				"south": {"uv": [8.75, 12, 8.8125, 12.15625], "texture": "#0"},
				"west": {"uv": [9.75, 5, 10.15625, 5.15625], "texture": "#0"},
				"up": {"uv": [2.3125, 11.90625, 2.25, 11.5], "texture": "#0"},
				"down": {"uv": [2.5625, 11.5, 2.5, 11.90625], "texture": "#0"}
			}
		},
		{
			"from": [7.15858, 0.04142, 11.5],
			"to": [7.35858, 0.64142, 13.1],
			"rotation": {"angle": 45, "axis": "z", "origin": [7.45858, 0.69142, 12.3]},
			"faces": {
				"north": {"uv": [12, 8.75, 12.0625, 8.90625], "texture": "#0"},
				"east": {"uv": [9.75, 6.5, 10.15625, 6.65625], "texture": "#0"},
				"south": {"uv": [9.25, 12, 9.3125, 12.15625], "texture": "#0"},
				"west": {"uv": [9.75, 8.25, 10.15625, 8.40625], "texture": "#0"},
				"up": {"uv": [2.8125, 11.90625, 2.75, 11.5], "texture": "#0"},
				"down": {"uv": [4.5625, 11.5, 4.5, 11.90625], "texture": "#0"}
			}
		},
		{
			"from": [6.82, -0.55, 7],
			"to": [7.02, -0.25, 11.5],
			"rotation": {"angle": 45, "axis": "z", "origin": [6.6, 0.8, 9]},
			"faces": {
				"north": {"uv": [12.75, 12, 12.8125, 12.0625], "texture": "#0"},
				"east": {"uv": [9.25, 8.5, 10.375, 8.5625], "texture": "#0"},
				"south": {"uv": [12.25, 12.75, 12.3125, 12.8125], "texture": "#0"},
				"west": {"uv": [9.25, 8.75, 10.375, 8.8125], "texture": "#0"},
				"up": {"uv": [9.3125, 10.125, 9.25, 9], "texture": "#0"},
				"down": {"uv": [9.5625, 9, 9.5, 10.125], "texture": "#0"}
			}
		},
		{
			"from": [8.98, -0.55, 7],
			"to": [9.18, -0.25, 11.5],
			"rotation": {"angle": -45, "axis": "z", "origin": [9.4, 0.8, 9]},
			"faces": {
				"north": {"uv": [12.75, 12.5, 12.8125, 12.5625], "texture": "#0"},
				"east": {"uv": [9.5, 0, 10.625, 0.0625], "texture": "#0"},
				"south": {"uv": [12.75, 12.75, 12.8125, 12.8125], "texture": "#0"},
				"west": {"uv": [9.5, 0.25, 10.625, 0.3125], "texture": "#0"},
				"up": {"uv": [0.3125, 10.875, 0.25, 9.75], "texture": "#0"},
				"down": {"uv": [9.8125, 9, 9.75, 10.125], "texture": "#0"}
			}
		},
		{
			"from": [8.35, -0.04, -3.9],
			"to": [8.45, 0.26, 10.9],
			"rotation": {"angle": 45, "axis": "z", "origin": [6.6, 0.8, 9]},
			"faces": {
				"north": {"uv": [4.5, 13, 4.53125, 13.0625], "texture": "#0"},
				"east": {"uv": [4.5, 5.5, 8.1875, 5.5625], "texture": "#0"},
				"south": {"uv": [13, 4.5, 13.03125, 4.5625], "texture": "#0"},
				"west": {"uv": [4.5, 5.75, 8.1875, 5.8125], "texture": "#0"},
				"up": {"uv": [1.03125, 10.9375, 1, 7.25], "texture": "#0"},
				"down": {"uv": [4.53125, 7.75, 4.5, 11.4375], "texture": "#0"}
			}
		},
		{
			"from": [8.34605, -0.15047, -3.9],
			"to": [8.44605, 0.24953, -1.5],
			"rotation": {"angle": -45, "axis": "z", "origin": [8.39605, 0.14953, 3.5]},
			"faces": {
				"north": {"uv": [3, 13, 3.03125, 13.09375], "texture": "#0"},
				"east": {"uv": [10.5, 2.25, 11.09375, 2.34375], "texture": "#0"},
				"south": {"uv": [13, 3, 13.03125, 3.09375], "texture": "#0"},
				"west": {"uv": [10.5, 2.5, 11.09375, 2.59375], "texture": "#0"},
				"up": {"uv": [11.78125, 0.59375, 11.75, 0], "texture": "#0"},
				"down": {"uv": [11.78125, 0.75, 11.75, 1.34375], "texture": "#0"}
			}
		},
		{
			"from": [7.55395, -0.15047, -3.9],
			"to": [7.65395, 0.24953, -1.5],
			"rotation": {"angle": 45, "axis": "z", "origin": [7.60395, 0.14953, 3.5]},
			"faces": {
				"north": {"uv": [3.25, 13, 3.28125, 13.09375], "texture": "#0"},
				"east": {"uv": [10.5, 4, 11.09375, 4.09375], "texture": "#0"},
				"south": {"uv": [13, 3.25, 13.03125, 3.34375], "texture": "#0"},
				"west": {"uv": [10.5, 4.25, 11.09375, 4.34375], "texture": "#0"},
				"up": {"uv": [11.78125, 2.09375, 11.75, 1.5], "texture": "#0"},
				"down": {"uv": [11.78125, 2.75, 11.75, 3.34375], "texture": "#0"}
			}
		},
		{
			"from": [7.55, -0.04, -3.9],
			"to": [7.65, 0.26, 10.9],
			"rotation": {"angle": -45, "axis": "z", "origin": [9.4, 0.8, 9]},
			"faces": {
				"north": {"uv": [5.25, 13, 5.28125, 13.0625], "texture": "#0"},
				"east": {"uv": [6, 4, 9.6875, 4.0625], "texture": "#0"},
				"south": {"uv": [13, 5.25, 13.03125, 5.3125], "texture": "#0"},
				"west": {"uv": [6, 4.25, 9.6875, 4.3125], "texture": "#0"},
				"up": {"uv": [4.78125, 11.4375, 4.75, 7.75], "texture": "#0"},
				"down": {"uv": [5.03125, 7.75, 5, 11.4375], "texture": "#0"}
			}
		},
		{
			"from": [8.15, -0.14, 7],
			"to": [8.35, 0.16, 11],
			"rotation": {"angle": 45, "axis": "z", "origin": [6.6, 0.8, 9]},
			"faces": {
				"north": {"uv": [2.25, 13, 2.3125, 13.0625], "texture": "#0"},
				"east": {"uv": [10.25, 6.5, 11.25, 6.5625], "texture": "#0"},
				"south": {"uv": [13, 2.25, 13.0625, 2.3125], "texture": "#0"},
				"west": {"uv": [10.25, 7.75, 11.25, 7.8125], "texture": "#0"},
				"up": {"uv": [10.3125, 11, 10.25, 10], "texture": "#0"},
				"down": {"uv": [10.5625, 8, 10.5, 9], "texture": "#0"}
			}
		},
		{
			"from": [7.65, -0.14, 7],
			"to": [7.85, 0.16, 11],
			"rotation": {"angle": -45, "axis": "z", "origin": [9.4, 0.8, 9]},
			"faces": {
				"north": {"uv": [12.75, 12.25, 12.8125, 12.3125], "texture": "#0"},
				"east": {"uv": [10.25, 0.5, 11.25, 0.5625], "texture": "#0"},
				"south": {"uv": [12.5, 12.75, 12.5625, 12.8125], "texture": "#0"},
				"west": {"uv": [10.25, 5, 11.25, 5.0625], "texture": "#0"},
				"up": {"uv": [9.5625, 11.25, 9.5, 10.25], "texture": "#0"},
				"down": {"uv": [9.8125, 10.25, 9.75, 11.25], "texture": "#0"}
			}
		},
		{
			"from": [8.3, 0.2, 9.4],
			"to": [8.5, 1.4, 11],
			"faces": {
				"north": {"uv": [11.5, 10, 11.5625, 10.3125], "texture": "#0"},
				"east": {"uv": [7.5, 6.5, 7.90625, 6.8125], "texture": "#0"},
				"south": {"uv": [10.25, 11.5, 10.3125, 11.8125], "texture": "#0"},
				"west": {"uv": [6.75, 7.5, 7.15625, 7.8125], "texture": "#0"},
				"up": {"uv": [11.3125, 11.40625, 11.25, 11], "texture": "#0"},
				"down": {"uv": [0.0625, 11.5, 0, 11.90625], "texture": "#0"}
			}
		},
		{
			"from": [8.3, 0.2, 11],
			"to": [8.5, 0.9, 12.6],
			"faces": {
				"north": {"uv": [2.75, 12, 2.8125, 12.1875], "texture": "#0"},
				"east": {"uv": [8.75, 5, 9.15625, 5.1875], "texture": "#0"},
				"south": {"uv": [4.5, 12, 4.5625, 12.1875], "texture": "#0"},
				"west": {"uv": [8.75, 6.5, 9.15625, 6.6875], "texture": "#0"},
				"up": {"uv": [0.5625, 11.90625, 0.5, 11.5], "texture": "#0"},
				"down": {"uv": [0.8125, 11.5, 0.75, 11.90625], "texture": "#0"}
			}
		},
		{
			"from": [8.3, 0.2, 7],
			"to": [8.5, 0.8, 9.4],
			"faces": {
				"north": {"uv": [12, 6.5, 12.0625, 6.65625], "texture": "#0"},
				"east": {"uv": [8, 5, 8.59375, 5.15625], "texture": "#0"},
				"south": {"uv": [12, 6.75, 12.0625, 6.90625], "texture": "#0"},
				"west": {"uv": [8, 6.5, 8.59375, 6.65625], "texture": "#0"},
				"up": {"uv": [1.8125, 11.84375, 1.75, 11.25], "texture": "#0"},
				"down": {"uv": [2.0625, 11.25, 2, 11.84375], "texture": "#0"}
			}
		},
		{
			"from": [8.3, 0.8, 7],
			"to": [8.5, 1.4, 7.6],
			"faces": {
				"north": {"uv": [12, 7, 12.0625, 7.15625], "texture": "#0"},
				"east": {"uv": [11.5, 7.75, 11.65625, 7.90625], "texture": "#0"},
				"south": {"uv": [7.25, 12, 7.3125, 12.15625], "texture": "#0"},
				"west": {"uv": [11.5, 8, 11.65625, 8.15625], "texture": "#0"},
				"up": {"uv": [12.0625, 7.40625, 12, 7.25], "texture": "#0"},
				"down": {"uv": [7.5625, 12, 7.5, 12.15625], "texture": "#0"}
			}
		},
		{
			"from": [8.2, 0.8, 7.6],
			"to": [8.4, 1.4, 9.4],
			"faces": {
				"north": {"uv": [12, 7.5, 12.0625, 7.65625], "texture": "#0"},
				"east": {"uv": [9.5, 7.75, 9.9375, 7.90625], "texture": "#0"},
				"south": {"uv": [7.75, 12, 7.8125, 12.15625], "texture": "#0"},
				"west": {"uv": [9.5, 8, 9.9375, 8.15625], "texture": "#0"},
				"up": {"uv": [10.8125, 11.6875, 10.75, 11.25], "texture": "#0"},
				"down": {"uv": [11.0625, 11.25, 11, 11.6875], "texture": "#0"}
			}
		},
		{
			"name": "hexadecagon",
			"from": [7.92044, 0.1, 12.5],
			"to": [8.07956, 0.9, 16.9],
			"rotation": {"angle": -45, "axis": "z", "origin": [8, 0.5, 13]},
			"faces": {
				"north": {"uv": [2, 12.5, 2.03125, 12.6875], "texture": "#0"},
				"east": {"uv": [6.75, 3, 7.84375, 3.1875], "texture": "#0"},
				"south": {"uv": [12.5, 2, 12.53125, 2.1875], "texture": "#0"},
				"west": {"uv": [6.75, 3.25, 7.84375, 3.4375], "texture": "#0"},
				"up": {"uv": [3.03125, 12.34375, 3, 11.25], "texture": "#0"},
				"down": {"uv": [3.28125, 11.25, 3.25, 12.34375], "texture": "#0"}
			}
		},
		{
			"name": "hexadecagon",
			"from": [7.92044, 0.1, 12.5],
			"to": [8.07956, 0.9, 16.9],
			"rotation": {"angle": -22.5, "axis": "z", "origin": [8, 0.5, 13]},
			"faces": {
				"north": {"uv": [2.25, 12.5, 2.28125, 12.6875], "texture": "#0"},
				"east": {"uv": [5, 6.75, 6.09375, 6.9375], "texture": "#0"},
				"south": {"uv": [12.5, 2.25, 12.53125, 2.4375], "texture": "#0"},
				"west": {"uv": [6.25, 6.75, 7.34375, 6.9375], "texture": "#0"},
				"up": {"uv": [3.53125, 12.34375, 3.5, 11.25], "texture": "#0"},
				"down": {"uv": [3.78125, 11.25, 3.75, 12.34375], "texture": "#0"}
			}
		},
		{
			"name": "hexadecagon",
			"from": [7.92044, 0.1, 12.5],
			"to": [8.07956, 0.9, 16.9],
			"rotation": {"angle": 0, "axis": "z", "origin": [8, 0.5, 13]},
			"faces": {
				"north": {"uv": [2.5, 12.5, 2.53125, 12.6875], "texture": "#0"},
				"east": {"uv": [0, 7, 1.09375, 7.1875], "texture": "#0"},
				"south": {"uv": [12.5, 2.5, 12.53125, 2.6875], "texture": "#0"},
				"west": {"uv": [7, 0, 8.09375, 0.1875], "texture": "#0"},
				"up": {"uv": [4.03125, 12.34375, 4, 11.25], "texture": "#0"},
				"down": {"uv": [4.28125, 11.25, 4.25, 12.34375], "texture": "#0"}
			}
		},
		{
			"name": "hexadecagon",
			"from": [7.92044, 0.1, 12.5],
			"to": [8.07956, 0.9, 16.9],
			"rotation": {"angle": 22.5, "axis": "z", "origin": [8, 0.5, 13]},
			"faces": {
				"north": {"uv": [2.75, 12.5, 2.78125, 12.6875], "texture": "#0"},
				"east": {"uv": [7, 0.25, 8.09375, 0.4375], "texture": "#0"},
				"south": {"uv": [12.5, 2.75, 12.53125, 2.9375], "texture": "#0"},
				"west": {"uv": [7, 0.5, 8.09375, 0.6875], "texture": "#0"},
				"up": {"uv": [11.28125, 7.59375, 11.25, 6.5], "texture": "#0"},
				"down": {"uv": [6.78125, 11.25, 6.75, 12.34375], "texture": "#0"}
			}
		},
		{
			"name": "hexadecagon",
			"from": [7.92044, 0.1, 12.5],
			"to": [8.07956, 0.9, 16.9],
			"rotation": {"angle": 45, "axis": "z", "origin": [8, 0.5, 13]},
			"faces": {
				"north": {"uv": [3, 12.5, 3.03125, 12.6875], "texture": "#0"},
				"east": {"uv": [7, 0.75, 8.09375, 0.9375], "texture": "#0"},
				"south": {"uv": [12.5, 3, 12.53125, 3.1875], "texture": "#0"},
				"west": {"uv": [7, 1, 8.09375, 1.1875], "texture": "#0"},
				"up": {"uv": [7.03125, 12.34375, 7, 11.25], "texture": "#0"},
				"down": {"uv": [11.28125, 7.75, 11.25, 8.84375], "texture": "#0"}
			}
		},
		{
			"name": "hexadecagon",
			"from": [7.6, 0.42044, 12.5],
			"to": [8.4, 0.57956, 16.9],
			"rotation": {"angle": -22.5, "axis": "z", "origin": [8, 0.5, 13]},
			"faces": {
				"north": {"uv": [3.25, 12.5, 3.4375, 12.53125], "texture": "#0"},
				"east": {"uv": [11.25, 4, 12.34375, 4.03125], "texture": "#0"},
				"south": {"uv": [12.5, 3.25, 12.6875, 3.28125], "texture": "#0"},
				"west": {"uv": [11.25, 4.25, 12.34375, 4.28125], "texture": "#0"},
				"up": {"uv": [1.4375, 7.84375, 1.25, 6.75], "texture": "#0"},
				"down": {"uv": [1.6875, 6.75, 1.5, 7.84375], "texture": "#0"}
			}
		},
		{
			"name": "hexadecagon",
			"from": [7.6, 0.42044, 12.5],
			"to": [8.4, 0.57956, 16.9],
			"rotation": {"angle": 0, "axis": "z", "origin": [8, 0.5, 13]},
			"faces": {
				"north": {"uv": [3.5, 12.5, 3.6875, 12.53125], "texture": "#0"},
				"east": {"uv": [11.25, 5, 12.34375, 5.03125], "texture": "#0"},
				"south": {"uv": [12.5, 3.5, 12.6875, 3.53125], "texture": "#0"},
				"west": {"uv": [11.25, 5.5, 12.34375, 5.53125], "texture": "#0"},
				"up": {"uv": [1.9375, 7.84375, 1.75, 6.75], "texture": "#0"},
				"down": {"uv": [7.1875, 1.25, 7, 2.34375], "texture": "#0"}
			}
		},
		{
			"name": "hexadecagon",
			"from": [7.6, 0.42044, 12.5],
			"to": [8.4, 0.57956, 16.9],
			"rotation": {"angle": 22.5, "axis": "z", "origin": [8, 0.5, 13]},
			"faces": {
				"north": {"uv": [3.75, 12.5, 3.9375, 12.53125], "texture": "#0"},
				"east": {"uv": [11.25, 5.75, 12.34375, 5.78125], "texture": "#0"},
				"south": {"uv": [12.5, 3.75, 12.6875, 3.78125], "texture": "#0"},
				"west": {"uv": [11.25, 9, 12.34375, 9.03125], "texture": "#0"},
				"up": {"uv": [2.6875, 8.09375, 2.5, 7], "texture": "#0"},
				"down": {"uv": [2.9375, 7, 2.75, 8.09375], "texture": "#0"}
			}
		},
		{
			"name": "hexadecagon",
			"from": [7.94033, 0.8, -4.6],
			"to": [8.05967, 1.4, 7.4],
			"rotation": {"angle": -45, "axis": "z", "origin": [8, 1.1, 6.9]},
			"faces": {
				"north": {"uv": [9, 12.5, 9.03125, 12.65625], "texture": "#0"},
				"east": {"uv": [2.5, 2.5, 5.5, 2.65625], "texture": "#0"},
				"south": {"uv": [12.5, 9, 12.53125, 9.15625], "texture": "#0"},
				"west": {"uv": [2.5, 2.75, 5.5, 2.90625], "texture": "#0"},
				"up": {"uv": [3.78125, 11, 3.75, 8], "texture": "#0"},
				"down": {"uv": [4.03125, 8, 4, 11], "texture": "#0"}
			}
		},
		{
			"name": "hexadecagon",
			"from": [7.94033, 0.8, -4.6],
			"to": [8.05967, 1.4, 7.4],
			"rotation": {"angle": -22.5, "axis": "z", "origin": [8, 1.1, 6.9]},
			"faces": {
				"north": {"uv": [9.25, 12.5, 9.28125, 12.65625], "texture": "#0"},
				"east": {"uv": [2.5, 3, 5.5, 3.15625], "texture": "#0"},
				"south": {"uv": [12.5, 9.25, 12.53125, 9.40625], "texture": "#0"},
				"west": {"uv": [2.5, 3.25, 5.5, 3.40625], "texture": "#0"},
				"up": {"uv": [4.28125, 11, 4.25, 8], "texture": "#0"},
				"down": {"uv": [6.78125, 8, 6.75, 11], "texture": "#0"}
			}
		},
		{
			"name": "hexadecagon",
			"from": [7.94033, 0.8, -4.6],
			"to": [8.05967, 1.4, 7.4],
			"rotation": {"angle": 0, "axis": "z", "origin": [8, 1.1, 6.9]},
			"faces": {
				"north": {"uv": [9.5, 12.5, 9.53125, 12.65625], "texture": "#0"},
				"east": {"uv": [2.5, 3.5, 5.5, 3.65625], "texture": "#0"},
				"south": {"uv": [12.5, 9.5, 12.53125, 9.65625], "texture": "#0"},
				"west": {"uv": [2.5, 3.75, 5.5, 3.90625], "texture": "#0"},
				"up": {"uv": [7.03125, 11, 7, 8], "texture": "#0"},
				"down": {"uv": [8.03125, 7.75, 8, 10.75], "texture": "#0"}
			}
		},
		{
			"name": "hexadecagon",
			"from": [7.94033, 0.8, -4.6],
			"to": [8.05967, 1.4, 7.4],
			"rotation": {"angle": 22.5, "axis": "z", "origin": [8, 1.1, 6.9]},
			"faces": {
				"north": {"uv": [9.75, 12.5, 9.78125, 12.65625], "texture": "#0"},
				"east": {"uv": [4, 0, 7, 0.15625], "texture": "#0"},
				"south": {"uv": [12.5, 9.75, 12.53125, 9.90625], "texture": "#0"},
				"west": {"uv": [4, 0.25, 7, 0.40625], "texture": "#0"},
				"up": {"uv": [2.53125, 11.25, 2.5, 8.25], "texture": "#0"},
				"down": {"uv": [2.78125, 8.25, 2.75, 11.25], "texture": "#0"}
			}
		},
		{
			"name": "hexadecagon",
			"from": [7.94033, 0.8, -4.6],
			"to": [8.05967, 1.4, 7.4],
			"rotation": {"angle": 45, "axis": "z", "origin": [8, 1.1, 6.9]},
			"faces": {
				"north": {"uv": [10, 12.5, 10.03125, 12.65625], "texture": "#0"},
				"east": {"uv": [4, 0.5, 7, 0.65625], "texture": "#0"},
				"south": {"uv": [12.5, 10, 12.53125, 10.15625], "texture": "#0"},
				"west": {"uv": [4, 0.75, 7, 0.90625], "texture": "#0"},
				"up": {"uv": [8.28125, 10.75, 8.25, 7.75], "texture": "#0"},
				"down": {"uv": [0.03125, 8.5, 0, 11.5], "texture": "#0"}
			}
		},
		{
			"name": "hexadecagon",
			"from": [7.7, 1.04033, -4.6],
			"to": [8.3, 1.15967, 7.4],
			"rotation": {"angle": -22.5, "axis": "z", "origin": [8, 1.1, 6.9]},
			"faces": {
				"north": {"uv": [10.25, 12.5, 10.40625, 12.53125], "texture": "#0"},
				"east": {"uv": [7.75, 7, 10.75, 7.03125], "texture": "#0"},
				"south": {"uv": [12.5, 10.25, 12.65625, 10.28125], "texture": "#0"},
				"west": {"uv": [7.75, 7.25, 10.75, 7.28125], "texture": "#0"},
				"up": {"uv": [0.15625, 6.75, 0, 3.75], "texture": "#0"},
				"down": {"uv": [0.40625, 3.75, 0.25, 6.75], "texture": "#0"}
			}
		},
		{
			"name": "hexadecagon",
			"from": [7.7, 1.04033, -4.6],
			"to": [8.3, 1.15967, 7.4],
			"rotation": {"angle": 0, "axis": "z", "origin": [8, 1.1, 6.9]},
			"faces": {
				"north": {"uv": [10.5, 12.5, 10.65625, 12.53125], "texture": "#0"},
				"east": {"uv": [8, 3, 11, 3.03125], "texture": "#0"},
				"south": {"uv": [12.5, 10.5, 12.65625, 10.53125], "texture": "#0"},
				"west": {"uv": [8, 3.25, 11, 3.28125], "texture": "#0"},
				"up": {"uv": [0.65625, 6.75, 0.5, 3.75], "texture": "#0"},
				"down": {"uv": [0.90625, 3.75, 0.75, 6.75], "texture": "#0"}
			}
		},
		{
			"name": "hexadecagon",
			"from": [7.7, 1.04033, -4.6],
			"to": [8.3, 1.15967, 7.4],
			"rotation": {"angle": 22.5, "axis": "z", "origin": [8, 1.1, 6.9]},
			"faces": {
				"north": {"uv": [10.75, 12.5, 10.90625, 12.53125], "texture": "#0"},
				"east": {"uv": [8, 4.5, 11, 4.53125], "texture": "#0"},
				"south": {"uv": [12.5, 10.75, 12.65625, 10.78125], "texture": "#0"},
				"west": {"uv": [8, 4.75, 11, 4.78125], "texture": "#0"},
				"up": {"uv": [2.65625, 7, 2.5, 4], "texture": "#0"},
				"down": {"uv": [2.90625, 4, 2.75, 7], "texture": "#0"}
			}
		},
		{
			"name": "hexadecagon",
			"from": [7.94033, 0.1, -4.1],
			"to": [8.05967, 0.7, 7.4],
			"rotation": {"angle": -45, "axis": "z", "origin": [8, 0.4, 6.9]},
			"faces": {
				"north": {"uv": [11, 12.5, 11.03125, 12.65625], "texture": "#0"},
				"east": {"uv": [4, 1, 6.875, 1.15625], "texture": "#0"},
				"south": {"uv": [12.5, 11, 12.53125, 11.15625], "texture": "#0"},
				"west": {"uv": [4, 1.25, 6.875, 1.40625], "texture": "#0"},
				"up": {"uv": [5.28125, 11.375, 5.25, 8.5], "texture": "#0"},
				"down": {"uv": [8.53125, 7.75, 8.5, 10.625], "texture": "#0"}
			}
		},
		{
			"name": "hexadecagon",
			"from": [7.94033, 0.1, -4.1],
			"to": [8.05967, 0.7, 7.4],
			"rotation": {"angle": -22.5, "axis": "z", "origin": [8, 0.4, 6.9]},
			"faces": {
				"north": {"uv": [11.25, 12.5, 11.28125, 12.65625], "texture": "#0"},
				"east": {"uv": [4, 1.5, 6.875, 1.65625], "texture": "#0"},
				"south": {"uv": [12.5, 11.25, 12.53125, 11.40625], "texture": "#0"},
				"west": {"uv": [4, 1.75, 6.875, 1.90625], "texture": "#0"},
				"up": {"uv": [8.78125, 10.625, 8.75, 7.75], "texture": "#0"},
				"down": {"uv": [5.53125, 9, 5.5, 11.875], "texture": "#0"}
			}
		},
		{
			"name": "hexadecagon",
			"from": [7.94033, 0.1, -4.1],
			"to": [8.05967, 0.7, 7.4],
			"rotation": {"angle": 0, "axis": "z", "origin": [8, 0.4, 6.9]},
			"faces": {
				"north": {"uv": [11.5, 12.5, 11.53125, 12.65625], "texture": "#0"},
				"east": {"uv": [4, 2, 6.875, 2.15625], "texture": "#0"},
				"south": {"uv": [12.5, 11.5, 12.53125, 11.65625], "texture": "#0"},
				"west": {"uv": [4, 2.25, 6.875, 2.40625], "texture": "#0"},
				"up": {"uv": [5.78125, 11.875, 5.75, 9], "texture": "#0"},
				"down": {"uv": [6.03125, 9, 6, 11.875], "texture": "#0"}
			}
		},
		{
			"name": "hexadecagon",
			"from": [7.94033, 0.3, -3.5],
			"to": [8.05967, 0.9, 7.4],
			"rotation": {"angle": 0, "axis": "z", "origin": [8, 0.4, 6.9]},
			"faces": {
				"north": {"uv": [12.75, 0.75, 12.78125, 0.90625], "texture": "#0"},
				"east": {"uv": [4.5, 5, 7.21875, 5.15625], "texture": "#0"},
				"south": {"uv": [1, 12.75, 1.03125, 12.90625], "texture": "#0"},
				"west": {"uv": [4.5, 5.25, 7.21875, 5.40625], "texture": "#0"},
				"up": {"uv": [7.78125, 11.71875, 7.75, 9], "texture": "#0"},
				"down": {"uv": [9.03125, 7.75, 9, 10.46875], "texture": "#0"}
			}
		},
		{
			"name": "hexadecagon",
			"from": [7.94033, 0.1, -4.1],
			"to": [8.05967, 0.7, 7.4],
			"rotation": {"angle": 22.5, "axis": "z", "origin": [8, 0.4, 6.9]},
			"faces": {
				"north": {"uv": [11.75, 12.5, 11.78125, 12.65625], "texture": "#0"},
				"east": {"uv": [3, 4, 5.875, 4.15625], "texture": "#0"},
				"south": {"uv": [12.5, 11.75, 12.53125, 11.90625], "texture": "#0"},
				"west": {"uv": [3, 4.25, 5.875, 4.40625], "texture": "#0"},
				"up": {"uv": [6.28125, 11.875, 6.25, 9], "texture": "#0"},
				"down": {"uv": [6.53125, 9, 6.5, 11.875], "texture": "#0"}
			}
		},
		{
			"name": "hexadecagon",
			"from": [7.94033, 0.1, -4.1],
			"to": [8.05967, 0.7, 7.4],
			"rotation": {"angle": 45, "axis": "z", "origin": [8, 0.4, 6.9]},
			"faces": {
				"north": {"uv": [12, 12.5, 12.03125, 12.65625], "texture": "#0"},
				"east": {"uv": [3, 4.5, 5.875, 4.65625], "texture": "#0"},
				"south": {"uv": [12.5, 12, 12.53125, 12.15625], "texture": "#0"},
				"west": {"uv": [3, 4.75, 5.875, 4.90625], "texture": "#0"},
				"up": {"uv": [7.28125, 11.875, 7.25, 9], "texture": "#0"},
				"down": {"uv": [7.53125, 9, 7.5, 11.875], "texture": "#0"}
			}
		},
		{
			"name": "hexadecagon",
			"from": [7.7, 0.34033, -4.1],
			"to": [8.3, 0.45967, 7.4],
			"rotation": {"angle": -22.5, "axis": "z", "origin": [8, 0.4, 6.9]},
			"faces": {
				"north": {"uv": [12.25, 12.5, 12.40625, 12.53125], "texture": "#0"},
				"east": {"uv": [8, 6.75, 10.875, 6.78125], "texture": "#0"},
				"south": {"uv": [12.5, 12.25, 12.65625, 12.28125], "texture": "#0"},
				"west": {"uv": [8.25, 0.75, 11.125, 0.78125], "texture": "#0"},
				"up": {"uv": [3.15625, 7.875, 3, 5], "texture": "#0"},
				"down": {"uv": [3.40625, 5, 3.25, 7.875], "texture": "#0"}
			}
		},
		{
			"name": "hexadecagon",
			"from": [7.7, 0.34033, -4.1],
			"to": [8.3, 0.45967, 7.4],
			"rotation": {"angle": 0, "axis": "z", "origin": [8, 0.4, 6.9]},
			"faces": {
				"north": {"uv": [12.5, 12.5, 12.65625, 12.53125], "texture": "#0"},
				"east": {"uv": [8.25, 1, 11.125, 1.03125], "texture": "#0"},
				"south": {"uv": [0, 12.75, 0.15625, 12.78125], "texture": "#0"},
				"west": {"uv": [8.25, 5.5, 11.125, 5.53125], "texture": "#0"},
				"up": {"uv": [3.65625, 7.875, 3.5, 5], "texture": "#0"},
				"down": {"uv": [3.90625, 5, 3.75, 7.875], "texture": "#0"}
			}
		},
		{
			"name": "hexadecagon",
			"from": [7.7, 0.34033, -4.1],
			"to": [8.3, 0.45967, 7.4],
			"rotation": {"angle": 22.5, "axis": "z", "origin": [8, 0.4, 6.9]},
			"faces": {
				"north": {"uv": [12.75, 0, 12.90625, 0.03125], "texture": "#0"},
				"east": {"uv": [8.25, 5.75, 11.125, 5.78125], "texture": "#0"},
				"south": {"uv": [0.25, 12.75, 0.40625, 12.78125], "texture": "#0"},
				"west": {"uv": [8.5, 2, 11.375, 2.03125], "texture": "#0"},
				"up": {"uv": [4.15625, 7.875, 4, 5], "texture": "#0"},
				"down": {"uv": [4.40625, 5, 4.25, 7.875], "texture": "#0"}
			}
		},
		{
			"from": [7.62, 0.30506, 15.8],
			"to": [8.02, 1.00506, 20.3],
			"rotation": {"angle": -22.5, "axis": "z", "origin": [7.62933, 0.70506, 18.05]},
			"faces": {
				"north": {"uv": [11.75, 4.5, 11.84375, 4.6875], "texture": "#0"},
				"east": {"uv": [6.5, 2.75, 7.625, 2.9375], "texture": "#0"},
				"south": {"uv": [11.75, 5.25, 11.84375, 5.4375], "texture": "#0"},
				"west": {"uv": [6.5, 3.5, 7.625, 3.6875], "texture": "#0"},
				"up": {"uv": [5.59375, 8.875, 5.5, 7.75], "texture": "#0"},
				"down": {"uv": [5.84375, 7.75, 5.75, 8.875], "texture": "#0"}
			}
		},
		{
			"from": [7.48635, -0.1641, 15.8],
			"to": [7.88635, 0.5359, 20.3],
			"rotation": {"angle": 22.5, "axis": "z", "origin": [7.78635, 0.5859, 18.05]},
			"faces": {
				"north": {"uv": [7.75, 11.75, 7.84375, 11.9375], "texture": "#0"},
				"east": {"uv": [6.5, 6, 7.625, 6.1875], "texture": "#0"},
				"south": {"uv": [8, 11.75, 8.09375, 11.9375], "texture": "#0"},
				"west": {"uv": [6.25, 6.5, 7.375, 6.6875], "texture": "#0"},
				"up": {"uv": [6.59375, 8.875, 6.5, 7.75], "texture": "#0"},
				"down": {"uv": [7.34375, 7.75, 7.25, 8.875], "texture": "#0"}
			}
		},
		{
			"from": [8.11365, -0.1641, 15.8],
			"to": [8.51365, 0.5359, 20.3],
			"rotation": {"angle": -22.5, "axis": "z", "origin": [8.21365, 0.5859, 18.05]},
			"faces": {
				"north": {"uv": [8.25, 11.75, 8.34375, 11.9375], "texture": "#0"},
				"east": {"uv": [6.5, 6.25, 7.625, 6.4375], "texture": "#0"},
				"south": {"uv": [11.75, 8.25, 11.84375, 8.4375], "texture": "#0"},
				"west": {"uv": [0, 6.75, 1.125, 6.9375], "texture": "#0"},
				"up": {"uv": [7.59375, 8.875, 7.5, 7.75], "texture": "#0"},
				"down": {"uv": [7.84375, 7.75, 7.75, 8.875], "texture": "#0"}
			}
		},
		{
			"from": [7.98, 0.30506, 15.8],
			"to": [8.38, 1.00506, 20.3],
			"rotation": {"angle": 22.5, "axis": "z", "origin": [8.37067, 0.70506, 18.05]},
			"faces": {
				"north": {"uv": [11.75, 6, 11.84375, 6.1875], "texture": "#0"},
				"east": {"uv": [6.5, 3.75, 7.625, 3.9375], "texture": "#0"},
				"south": {"uv": [11.75, 6.25, 11.84375, 6.4375], "texture": "#0"},
				"west": {"uv": [5, 6.5, 6.125, 6.6875], "texture": "#0"},
				"up": {"uv": [6.09375, 8.875, 6, 7.75], "texture": "#0"},
				"down": {"uv": [6.34375, 7.75, 6.25, 8.875], "texture": "#0"}
			}
		},
		{
			"from": [7.98, 0.30506, 20.3],
			"to": [8.48, 1.10506, 20.4],
			"rotation": {"angle": 22.5, "axis": "z", "origin": [8.37067, 0.70506, 18.05]},
			"faces": {
				"north": {"uv": [11.5, 8.25, 11.625, 8.4375], "texture": "#0"},
				"east": {"uv": [4.25, 12.5, 4.28125, 12.6875], "texture": "#0"},
				"south": {"uv": [11.5, 8.5, 11.625, 8.6875], "texture": "#0"},
				"west": {"uv": [12.5, 4.25, 12.53125, 4.4375], "texture": "#0"},
				"up": {"uv": [1.375, 13.03125, 1.25, 13], "texture": "#0"},
				"down": {"uv": [13.125, 1.25, 13, 1.28125], "texture": "#0"}
			}
		},
		{
			"from": [7.52, 0.30506, 20.3],
			"to": [8.02, 1.10506, 20.4],
			"rotation": {"angle": -22.5, "axis": "z", "origin": [7.62933, 0.70506, 18.05]},
			"faces": {
				"north": {"uv": [11.5, 8.75, 11.625, 8.9375], "texture": "#0"},
				"east": {"uv": [4.5, 12.5, 4.53125, 12.6875], "texture": "#0"},
				"south": {"uv": [9, 11.5, 9.125, 11.6875], "texture": "#0"},
				"west": {"uv": [12.5, 4.5, 12.53125, 4.6875], "texture": "#0"},
				"up": {"uv": [1.625, 13.03125, 1.5, 13], "texture": "#0"},
				"down": {"uv": [13.125, 1.5, 13, 1.53125], "texture": "#0"}
			}
		},
		{
			"from": [7.52761, -2.05666, 20.3],
			"to": [8.02761, -1.25666, 20.4],
			"rotation": {"angle": 22.5, "axis": "z", "origin": [8, -1.74877, 20.35]},
			"faces": {
				"north": {"uv": [11.5, 9.75, 11.625, 9.9375], "texture": "#0"},
				"east": {"uv": [5, 12.5, 5.03125, 12.6875], "texture": "#0"},
				"south": {"uv": [10, 11.5, 10.125, 11.6875], "texture": "#0"},
				"west": {"uv": [12.5, 5, 12.53125, 5.1875], "texture": "#0"},
				"up": {"uv": [2.125, 13.03125, 2, 13], "texture": "#0"},
				"down": {"uv": [13.125, 2, 13, 2.03125], "texture": "#0"}
			}
		},
		{
			"from": [7.97239, -2.05666, 20.3],
			"to": [8.47239, -1.25666, 20.4],
			"rotation": {"angle": -22.5, "axis": "z", "origin": [8, -1.74877, 20.35]},
			"faces": {
				"north": {"uv": [11.5, 9.5, 11.625, 9.6875], "texture": "#0"},
				"east": {"uv": [4.75, 12.5, 4.78125, 12.6875], "texture": "#0"},
				"south": {"uv": [9.75, 11.5, 9.875, 11.6875], "texture": "#0"},
				"west": {"uv": [12.5, 4.75, 12.53125, 4.9375], "texture": "#0"},
				"up": {"uv": [1.875, 13.03125, 1.75, 13], "texture": "#0"},
				"down": {"uv": [13.125, 1.75, 13, 1.78125], "texture": "#0"}
			}
		},
		{
			"from": [8.5, 0.2, 9.5],
			"to": [8.6, 0.8, 11.4],
			"faces": {
				"north": {"uv": [12.75, 1, 12.78125, 1.15625], "texture": "#0"},
				"east": {"uv": [9.25, 2.5, 9.71875, 2.65625], "texture": "#0"},
				"south": {"uv": [1.25, 12.75, 1.28125, 12.90625], "texture": "#0"},
				"west": {"uv": [9.25, 5, 9.71875, 5.15625], "texture": "#0"},
				"up": {"uv": [1.53125, 12.46875, 1.5, 12], "texture": "#0"},
				"down": {"uv": [12.03125, 1.5, 12, 1.96875], "texture": "#0"}
			}
		},
		{
			"from": [8.5, 0.8, 9.5],
			"to": [8.6, 1.5, 10.9],
			"faces": {
				"north": {"uv": [12.75, 1.25, 12.78125, 1.40625], "texture": "#0"},
				"east": {"uv": [10.75, 7, 11.09375, 7.15625], "texture": "#0"},
				"south": {"uv": [1.5, 12.75, 1.53125, 12.90625], "texture": "#0"},
				"west": {"uv": [10.75, 7.25, 11.09375, 7.40625], "texture": "#0"},
				"up": {"uv": [6.03125, 12.34375, 6, 12], "texture": "#0"},
				"down": {"uv": [12.03125, 6, 12, 6.34375], "texture": "#0"}
			}
		},
		{
			"from": [8.5, 0.8, 10.6],
			"to": [8.6, 1.6, 11.4],
			"rotation": {"angle": 45, "axis": "x", "origin": [8.55, 1.2, 10.45]},
			"faces": {
				"north": {"uv": [5.25, 12.5, 5.28125, 12.6875], "texture": "#0"},
				"east": {"uv": [11.25, 2.25, 11.4375, 2.4375], "texture": "#0"},
				"south": {"uv": [12.5, 5.25, 12.53125, 5.4375], "texture": "#0"},
				"west": {"uv": [2.5, 11.25, 2.6875, 11.4375], "texture": "#0"},
				"up": {"uv": [5.53125, 12.6875, 5.5, 12.5], "texture": "#0"},
				"down": {"uv": [12.53125, 5.5, 12.5, 5.6875], "texture": "#0"}
			}
		},
		{
			"from": [7.4, 0.2, 9.5],
			"to": [7.5, 0.8, 11.4],
			"rotation": {"angle": 0, "axis": "y", "origin": [-1.1, 0, 0]},
			"faces": {
				"north": {"uv": [12.75, 1.75, 12.78125, 1.90625], "texture": "#0"},
				"east": {"uv": [9.25, 6.5, 9.71875, 6.65625], "texture": "#0"},
				"south": {"uv": [2, 12.75, 2.03125, 12.90625], "texture": "#0"},
				"west": {"uv": [9.25, 8.25, 9.71875, 8.40625], "texture": "#0"},
				"up": {"uv": [1.78125, 12.46875, 1.75, 12], "texture": "#0"},
				"down": {"uv": [2.03125, 12, 2, 12.46875], "texture": "#0"}
			}
		},
		{
			"from": [7.4, 0.8, 10.6],
			"to": [7.5, 1.6, 11.4],
			"rotation": {"angle": 45, "axis": "x", "origin": [7.45, 1.2, 10.45]},
			"faces": {
				"north": {"uv": [5.75, 12.5, 5.78125, 12.6875], "texture": "#0"},
				"east": {"uv": [11.25, 2.5, 11.4375, 2.6875], "texture": "#0"},
				"south": {"uv": [12.5, 5.75, 12.53125, 5.9375], "texture": "#0"},
				"west": {"uv": [2.75, 11.25, 2.9375, 11.4375], "texture": "#0"},
				"up": {"uv": [6.03125, 12.6875, 6, 12.5], "texture": "#0"},
				"down": {"uv": [12.53125, 6, 12.5, 6.1875], "texture": "#0"}
			}
		},
		{
			"from": [7.4, 0.8, 9.5],
			"to": [7.5, 1.5, 10.9],
			"rotation": {"angle": 0, "axis": "y", "origin": [-1.1, 0, 0]},
			"faces": {
				"north": {"uv": [12.75, 1.5, 12.78125, 1.65625], "texture": "#0"},
				"east": {"uv": [0.5, 11, 0.84375, 11.15625], "texture": "#0"},
				"south": {"uv": [1.75, 12.75, 1.78125, 12.90625], "texture": "#0"},
				"west": {"uv": [1, 11, 1.34375, 11.15625], "texture": "#0"},
				"up": {"uv": [6.28125, 12.34375, 6.25, 12], "texture": "#0"},
				"down": {"uv": [6.53125, 12, 6.5, 12.34375], "texture": "#0"}
			}
		},
		{
			"name": "hexadecagon",
			"from": [7.90054, -0.1, -0.8],
			"to": [8.09946, 0.9, 2.7],
			"rotation": {"angle": -45, "axis": "z", "origin": [8, 0.4, 1.9]},
			"faces": {
				"north": {"uv": [10.75, 11.75, 10.8125, 12], "texture": "#0"},
				"east": {"uv": [1, 6, 1.875, 6.25], "texture": "#0"},
				"south": {"uv": [11.75, 10.75, 11.8125, 11], "texture": "#0"},
				"west": {"uv": [4.5, 6, 5.375, 6.25], "texture": "#0"},
				"up": {"uv": [10.0625, 11.375, 10, 10.5], "texture": "#0"},
				"down": {"uv": [10.5625, 10, 10.5, 10.875], "texture": "#0"}
			}
		},
		{
			"name": "hexadecagon",
			"from": [7.90054, -0.1, -0.8],
			"to": [8.09946, 0.9, 2.7],
			"rotation": {"angle": -22.5, "axis": "z", "origin": [8, 0.4, 1.9]},
			"faces": {
				"north": {"uv": [11, 11.75, 11.0625, 12], "texture": "#0"},
				"east": {"uv": [6, 4.5, 6.875, 4.75], "texture": "#0"},
				"south": {"uv": [11.25, 11.75, 11.3125, 12], "texture": "#0"},
				"west": {"uv": [6, 4.75, 6.875, 5], "texture": "#0"},
				"up": {"uv": [8.0625, 11.625, 8, 10.75], "texture": "#0"},
				"down": {"uv": [10.8125, 8, 10.75, 8.875], "texture": "#0"}
			}
		},
		{
			"name": "hexadecagon",
			"from": [7.90054, -0.1, -0.8],
			"to": [8.09946, 0.9, 2.7],
			"rotation": {"angle": 0, "axis": "z", "origin": [8, 0.4, 1.9]},
			"faces": {
				"north": {"uv": [11.75, 11.25, 11.8125, 11.5], "texture": "#0"},
				"east": {"uv": [5.5, 6, 6.375, 6.25], "texture": "#0"},
				"south": {"uv": [11.5, 11.75, 11.5625, 12], "texture": "#0"},
				"west": {"uv": [1, 6.25, 1.875, 6.5], "texture": "#0"},
				"up": {"uv": [8.3125, 11.625, 8.25, 10.75], "texture": "#0"},
				"down": {"uv": [8.5625, 10.75, 8.5, 11.625], "texture": "#0"}
			}
		},
		{
			"name": "hexadecagon",
			"from": [7.90054, -0.1, -0.8],
			"to": [8.09946, 0.9, 2.7],
			"rotation": {"angle": 22.5, "axis": "z", "origin": [8, 0.4, 1.9]},
			"faces": {
				"north": {"uv": [11.75, 11.75, 11.8125, 12], "texture": "#0"},
				"east": {"uv": [4.5, 6.25, 5.375, 6.5], "texture": "#0"},
				"south": {"uv": [0, 12, 0.0625, 12.25], "texture": "#0"},
				"west": {"uv": [5.5, 6.25, 6.375, 6.5], "texture": "#0"},
				"up": {"uv": [8.8125, 11.625, 8.75, 10.75], "texture": "#0"},
				"down": {"uv": [10.8125, 9, 10.75, 9.875], "texture": "#0"}
			}
		},
		{
			"name": "hexadecagon",
			"from": [7.90054, -0.1, -0.8],
			"to": [8.09946, 0.9, 2.7],
			"rotation": {"angle": 45, "axis": "z", "origin": [8, 0.4, 1.9]},
			"faces": {
				"north": {"uv": [12, 0, 12.0625, 0.25], "texture": "#0"},
				"east": {"uv": [1, 6.5, 1.875, 6.75], "texture": "#0"},
				"south": {"uv": [0.25, 12, 0.3125, 12.25], "texture": "#0"},
				"west": {"uv": [6.5, 2.5, 7.375, 2.75], "texture": "#0"},
				"up": {"uv": [10.8125, 10.875, 10.75, 10], "texture": "#0"},
				"down": {"uv": [0.3125, 11, 0.25, 11.875], "texture": "#0"}
			}
		},
		{
			"name": "hexadecagon",
			"from": [7.5, 0.30054, -0.8],
			"to": [8.5, 0.49946, 2.7],
			"rotation": {"angle": -22.5, "axis": "z", "origin": [8, 0.4, 1.9]},
			"faces": {
				"north": {"uv": [12, 0.25, 12.25, 0.3125], "texture": "#0"},
				"east": {"uv": [10.75, 0, 11.625, 0.0625], "texture": "#0"},
				"south": {"uv": [0.5, 12, 0.75, 12.0625], "texture": "#0"},
				"west": {"uv": [10.75, 0.25, 11.625, 0.3125], "texture": "#0"},
				"up": {"uv": [2.25, 6.375, 2, 5.5], "texture": "#0"},
				"down": {"uv": [2.5, 5.5, 2.25, 6.375], "texture": "#0"}
			}
		},
		{
			"name": "hexadecagon",
			"from": [7.5, 0.30054, -0.8],
			"to": [8.5, 0.49946, 2.7],
			"rotation": {"angle": 0, "axis": "z", "origin": [8, 0.4, 1.9]},
			"faces": {
				"north": {"uv": [12, 0.5, 12.25, 0.5625], "texture": "#0"},
				"east": {"uv": [10.75, 2.75, 11.625, 2.8125], "texture": "#0"},
				"south": {"uv": [0.75, 12, 1, 12.0625], "texture": "#0"},
				"west": {"uv": [10.75, 3.5, 11.625, 3.5625], "texture": "#0"},
				"up": {"uv": [2.25, 7.375, 2, 6.5], "texture": "#0"},
				"down": {"uv": [2.5, 6.5, 2.25, 7.375], "texture": "#0"}
			}
		},
		{
			"name": "hexadecagon",
			"from": [7.5, 0.30054, -0.8],
			"to": [8.5, 0.49946, 2.7],
			"rotation": {"angle": 22.5, "axis": "z", "origin": [8, 0.4, 1.9]},
			"faces": {
				"north": {"uv": [12, 0.75, 12.25, 0.8125], "texture": "#0"},
				"east": {"uv": [10.75, 3.75, 11.625, 3.8125], "texture": "#0"},
				"south": {"uv": [1, 12, 1.25, 12.0625], "texture": "#0"},
				"west": {"uv": [10.75, 5.25, 11.625, 5.3125], "texture": "#0"},
				"up": {"uv": [4.75, 7.375, 4.5, 6.5], "texture": "#0"},
				"down": {"uv": [5, 6.5, 4.75, 7.375], "texture": "#0"}
			}
		},
		{
			"from": [7.6, 1.8, 7.6],
			"to": [8.4, 2, 9.3],
			"faces": {
				"north": {"uv": [1, 4, 1.75, 4.25], "texture": "#1"},
				"east": {"uv": [1, 2, 2.75, 2.25], "texture": "#1"},
				"south": {"uv": [4, 1, 4.75, 1.25], "texture": "#1"},
				"west": {"uv": [2, 1, 3.75, 1.25], "texture": "#1"},
				"up": {"uv": [0.75, 1.75, 0, 0], "texture": "#1"},
				"down": {"uv": [1.75, 0, 1, 1.75], "texture": "#1"}
			}
		},
		{
			"from": [7.6, 2, 8.6],
			"to": [8.4, 2.1, 9.3],
			"faces": {
				"north": {"uv": [0, 6, 0.75, 6.125], "texture": "#1"},
				"east": {"uv": [5, 4, 5.875, 4.125], "texture": "#1"},
				"south": {"uv": [6, 0, 6.75, 0.125], "texture": "#1"},
				"west": {"uv": [5, 5, 5.875, 5.125], "texture": "#1"},
				"up": {"uv": [0.75, 2.875, 0, 2], "texture": "#1"},
				"down": {"uv": [2.75, 0, 2, 0.875], "texture": "#1"}
			}
		},
		{
			"from": [7.8, 2.55, 7.8],
			"to": [8.2, 2.6, 8.3],
			"faces": {
				"north": {"uv": [1, 8, 1.375, 8.125], "texture": "#1"},
				"east": {"uv": [7, 0, 7.5, 0.125], "texture": "#1"},
				"south": {"uv": [8, 1, 8.375, 1.125], "texture": "#1"},
				"west": {"uv": [1, 7, 1.5, 7.125], "texture": "#1"},
				"up": {"uv": [2.375, 4.5, 2, 4], "texture": "#1"},
				"down": {"uv": [4.375, 2, 4, 2.5], "texture": "#1"}
			}
		},
		{
			"from": [7.85, 2.46, 7.8],
			"to": [8.15, 2.51, 8.3],
			"faces": {
				"north": {"uv": [4, 8, 4.25, 8.125], "texture": "#1"},
				"east": {"uv": [7, 1, 7.5, 1.125], "texture": "#1"},
				"south": {"uv": [8, 4, 8.25, 4.125], "texture": "#1"},
				"west": {"uv": [2, 7, 2.5, 7.125], "texture": "#1"},
				"up": {"uv": [5.25, 0.5, 5, 0], "texture": "#1"},
				"down": {"uv": [1.25, 5, 1, 5.5], "texture": "#1"}
			}
		},
		{
			"from": [7.75, 1.96, 7.8],
			"to": [8.25, 2.51, 7.8],
			"faces": {
				"north": {"uv": [0, 0, 4, 4.5], "texture": "#2"},
				"east": {"uv": [0, 0, 0, 4.5], "texture": "#2"},
				"south": {"uv": [0, 8, 4, 12.5], "texture": "#2"},
				"west": {"uv": [0, 0, 0, 4.5], "texture": "#2"},
				"up": {"uv": [4, 0, 0, 0], "texture": "#2"},
				"down": {"uv": [4, 0, 0, 0], "texture": "#2"}
			}
		},
		{
			"from": [8.12929, 2.50858, 7.8],
			"to": [8.42929, 2.55858, 8.3],
			"rotation": {"angle": -22.5, "axis": "z", "origin": [8.27929, 2.45858, 8.05]},
			"faces": {
				"north": {"uv": [3, 8, 3.25, 8.125], "texture": "#1"},
				"east": {"uv": [4, 6, 4.5, 6.125], "texture": "#1"},
				"south": {"uv": [8, 3, 8.25, 3.125], "texture": "#1"},
				"west": {"uv": [6, 4, 6.5, 4.125], "texture": "#1"},
				"up": {"uv": [4.25, 4.5, 4, 4], "texture": "#1"},
				"down": {"uv": [0.25, 5, 0, 5.5], "texture": "#1"}
			}
		},
		{
			"from": [7.7, 2, 7.8],
			"to": [7.75, 2.45, 8.3],
			"rotation": {"angle": 0, "axis": "y", "origin": [16, 0, 0]},
			"faces": {
				"north": {"uv": [7, 5, 7.125, 5.5], "texture": "#1"},
				"east": {"uv": [0, 4, 0.5, 4.5], "texture": "#1"},
				"south": {"uv": [6, 7, 6.125, 7.5], "texture": "#1"},
				"west": {"uv": [4, 0, 4.5, 0.5], "texture": "#1"},
				"up": {"uv": [7.125, 6.5, 7, 6], "texture": "#1"},
				"down": {"uv": [7.125, 7, 7, 7.5], "texture": "#1"}
			}
		},
		{
			"from": [7.67071, 2.4, 7.8],
			"to": [7.87071, 2.45, 8.3],
			"rotation": {"angle": 22.5, "axis": "z", "origin": [7.72071, 2.45858, 8.05]},
			"faces": {
				"north": {"uv": [6, 8, 6.25, 8.125], "texture": "#1"},
				"east": {"uv": [0, 8, 0.5, 8.125], "texture": "#1"},
				"south": {"uv": [8, 6, 8.25, 6.125], "texture": "#1"},
				"west": {"uv": [8, 0, 8.5, 0.125], "texture": "#1"},
				"up": {"uv": [5.25, 3.5, 5, 3], "texture": "#1"},
				"down": {"uv": [4.25, 5, 4, 5.5], "texture": "#1"}
			}
		},
		{
			"from": [8.12929, 2.4, 7.8],
			"to": [8.32929, 2.45, 8.3],
			"rotation": {"angle": -22.5, "axis": "z", "origin": [8.27929, 2.45858, 8.05]},
			"faces": {
				"north": {"uv": [5, 8, 5.25, 8.125], "texture": "#1"},
				"east": {"uv": [7, 2, 7.5, 2.125], "texture": "#1"},
				"south": {"uv": [8, 5, 8.25, 5.125], "texture": "#1"},
				"west": {"uv": [3, 7, 3.5, 7.125], "texture": "#1"},
				"up": {"uv": [5.25, 1.5, 5, 1], "texture": "#1"},
				"down": {"uv": [2.25, 5, 2, 5.5], "texture": "#1"}
			}
		},
		{
			"from": [8.25, 2, 7.8],
			"to": [8.3, 2.45, 8.3],
			"faces": {
				"north": {"uv": [7, 3, 7.125, 3.5], "texture": "#1"},
				"east": {"uv": [3, 2, 3.5, 2.5], "texture": "#1"},
				"south": {"uv": [4, 7, 4.125, 7.5], "texture": "#1"},
				"west": {"uv": [3, 3, 3.5, 3.5], "texture": "#1"},
				"up": {"uv": [7.125, 4.5, 7, 4], "texture": "#1"},
				"down": {"uv": [5.125, 7, 5, 7.5], "texture": "#1"}
			}
		},
		{
			"from": [7.55, 2, 7.8],
			"to": [7.6, 2.5, 8.3],
			"rotation": {"angle": 0, "axis": "y", "origin": [16, 0, 0]},
			"faces": {
				"north": {"uv": [1, 6, 1.125, 6.5], "texture": "#1"},
				"east": {"uv": [0, 3, 0.5, 3.5], "texture": "#1"},
				"south": {"uv": [6, 1, 6.125, 1.5], "texture": "#1"},
				"west": {"uv": [3, 0, 3.5, 0.5], "texture": "#1"},
				"up": {"uv": [2.125, 6.5, 2, 6], "texture": "#1"},
				"down": {"uv": [6.125, 2, 6, 2.5], "texture": "#1"}
			}
		},
		{
			"from": [8.4, 2, 7.8],
			"to": [8.45, 2.5, 8.3],
			"faces": {
				"north": {"uv": [1.125, 6, 1, 6.5], "texture": "#1"},
				"east": {"uv": [3.5, 0, 3, 0.5], "texture": "#1"},
				"south": {"uv": [6.125, 1, 6, 1.5], "texture": "#1"},
				"west": {"uv": [0.5, 3, 0, 3.5], "texture": "#1"},
				"up": {"uv": [2, 6.5, 2.125, 6], "texture": "#1"},
				"down": {"uv": [6, 2, 6.125, 2.5], "texture": "#1"}
			}
		},
		{
			"from": [7.57071, 2.50858, 7.8],
			"to": [7.87071, 2.55858, 8.3],
			"rotation": {"angle": 22.5, "axis": "z", "origin": [7.72071, 2.45858, 8.05]},
			"faces": {
				"north": {"uv": [2, 8, 2.25, 8.125], "texture": "#1"},
				"east": {"uv": [3, 6, 3.5, 6.125], "texture": "#1"},
				"south": {"uv": [8, 2, 8.25, 2.125], "texture": "#1"},
				"west": {"uv": [6, 3, 6.5, 3.125], "texture": "#1"},
				"up": {"uv": [3.25, 4.5, 3, 4], "texture": "#1"},
				"down": {"uv": [4.25, 3, 4, 3.5], "texture": "#1"}
			}
		}
	],
	"display": {
		"thirdperson_righthand": {
			"translation": [-1, 10, -4],
			"scale": [1.25, 1.25, 1.25]
		},
		"thirdperson_lefthand": {
			"translation": [-1, 10, -4],
			"scale": [1.25, 1.25, 1.25]
		},
		"firstperson_righthand": {
			"translation": [-2, 13.75, -4],
			"scale": [1.5, 1.5, 1.5]
		},
		"firstperson_lefthand": {
			"translation": [-9.05, 17, 5.25],
			"scale": [1.5, 1.5, 1.5]
		},
		"ground": {
			"rotation": [0, 0, 90],
			"translation": [-7, -3, -1]
		},
		"gui": {
			"rotation": [90, -58, 90],
			"translation": [-2.75, 5.25, 0],
			"scale": [0.75, 0.75, 0.75]
		},
		"head": {
			"rotation": [118.07, -4.6, 175.4],
			"translation": [-2.5, -13.75, -21.5],
			"scale": [1.25, 1.25, 1.25]
		},
		"fixed": {
			"rotation": [90, 58, -90],
			"translation": [6, 10.25, 0],
			"scale": [1.5, 1.5, 1.5]
		}
	},
	"groups": [
		0,
		1,
		2,
		3,
		4,
		5,
		6,
		7,
		8,
		9,
		10,
		11,
		12,
		13,
		14,
		15,
		16,
		17,
		18,
		19,
		20,
		21,
		22,
		23,
		24,
		25,
		26,
		27,
		28,
		29,
		30,
		31,
		32,
		33,
		34,
		35,
		36,
		37,
		38,
		39,
		40,
		41,
		42,
		43,
		44,
		45,
		46,
		47,
		48,
		49,
		50,
		51,
		52,
		53,
		54,
		55,
		56,
		57,
		58,
		59,
		60,
		61,
		62,
		63,
		64,
		65,
		66,
		67,
		68,
		69,
		70,
		71,
		72,
		73,
		74,
		75,
		76,
		77,
		78,
		79,
		80,
		81,
		82,
		83,
		84,
		85,
		86,
		87,
		88,
		89,
		90,
		91,
		92,
		93,
		94,
		95,
		96,
		97,
		98,
		99,
		100,
		101,
		102,
		103,
		104,
		{
			"name": "hexadecagon",
			"origin": [8, 8, 8],
			"color": 0,
			"children": [105, 106, 107, 108, 109, 110, 111, 112]
		},
		{
			"name": "hexadecagon",
			"origin": [8, 8, 8],
			"color": 0,
			"children": []
		},
		{
			"name": "hexadecagon",
			"origin": [8, 8, 8],
			"color": 0,
			"children": [113, 114, 115, 116, 117, 118, 119, 120]
		},
		{
			"name": "hexadecagon",
			"origin": [8, 8, 8],
			"color": 0,
			"children": [121, 122, 123, 124, 125, 126, 127, 128, 129]
		},
		130,
		131,
		132,
		133,
		134,
		135,
		136,
		137,
		138,
		139,
		140,
		141,
		142,
		143,
		{
			"name": "hexadecagon",
			"origin": [8, 8, 8],
			"color": 0,
			"children": [144, 145, 146, 147, 148, 149, 150, 151]
		},
		152,
		153,
		154,
		155,
		156,
		157,
		158,
		159,
		160,
		161,
		162,
		163,
		164
	]
}