{
	"credit": "Made with Blockbench",
	"texture_size": [32, 32],
	"textures": {
		"0": "item/usp",
		"particle": "item/usp"
	},
	"elements": [
		{
			"from": [7.675, 0.25, 10.2],
			"to": [8.625, 3.25, 11.55],
			"rotation": {"angle": -22.5, "axis": "x", "origin": [8.15, 0.25, 10.875]},
			"faces": {
				"north": {"uv": [0, 3.5, 0.5, 5], "texture": "#0"},
				"east": {"uv": [2, 2, 2.625, 3.5], "texture": "#0"},
				"south": {"uv": [0.5, 3.5, 1, 5], "texture": "#0"},
				"west": {"uv": [3, 2, 3.625, 3.5], "texture": "#0"},
				"up": {"uv": [4.5, 4.125, 4, 3.5], "texture": "#0"},
				"down": {"uv": [5, 0, 4.5, 0.625], "texture": "#0"}
			}
		},
		{
			"from": [7.775, 2.925, 9.775],
			"to": [8.525, 3.775, 10.875],
			"rotation": {"angle": -22.5, "axis": "x", "origin": [8.15, 3.1, 9.325]},
			"faces": {
				"north": {"uv": [0.5, 6.5, 0.875, 6.875], "texture": "#0"},
				"east": {"uv": [5.5, 1.5, 6, 1.875], "texture": "#0"},
				"south": {"uv": [1, 6.5, 1.375, 6.875], "texture": "#0"},
				"west": {"uv": [2, 5.5, 2.5, 5.875], "texture": "#0"},
				"up": {"uv": [5.875, 2.5, 5.5, 2], "texture": "#0"},
				"down": {"uv": [2.875, 5.5, 2.5, 6], "texture": "#0"}
			}
		},
		{
			"from": [7.675, 2.425, 9.775],
			"to": [8.625, 2.975, 10.875],
			"rotation": {"angle": -22.5, "axis": "x", "origin": [8.15, 3.1, 9.325]},
			"faces": {
				"north": {"uv": [6.5, 4.5, 7, 4.75], "texture": "#0"},
				"east": {"uv": [6.5, 5, 7, 5.25], "texture": "#0"},
				"south": {"uv": [6.5, 5.5, 7, 5.75], "texture": "#0"},
				"west": {"uv": [6, 6.5, 6.5, 6.75], "texture": "#0"},
				"up": {"uv": [5.5, 2, 5, 1.5], "texture": "#0"},
				"down": {"uv": [5.5, 2, 5, 2.5], "texture": "#0"}
			}
		},
		{
			"from": [7.925, 3.25, 10.75],
			"to": [8.375, 3.55, 11.05],
			"rotation": {"angle": -22.5, "axis": "x", "origin": [8.15, 3.4, 9.375]},
			"faces": {
				"north": {"uv": [7.5, 2, 7.75, 2.125], "texture": "#0"},
				"east": {"uv": [3.5, 8, 3.625, 8.125], "texture": "#0"},
				"south": {"uv": [2.5, 7.5, 2.75, 7.625], "texture": "#0"},
				"west": {"uv": [8, 3.5, 8.125, 3.625], "texture": "#0"},
				"up": {"uv": [7.75, 2.625, 7.5, 2.5], "texture": "#0"},
				"down": {"uv": [3.25, 7.5, 3, 7.625], "texture": "#0"}
			}
		},
		{
			"from": [7.75, 3.225, 8.65],
			"to": [8.55, 4.325, 10.5],
			"rotation": {"angle": 0, "axis": "x", "origin": [8.15, 2.775, 9.825]},
			"faces": {
				"north": {"uv": [5.5, 4, 5.875, 4.5], "texture": "#0"},
				"east": {"uv": [2, 3.5, 2.875, 4], "texture": "#0"},
				"south": {"uv": [5.5, 4.5, 5.875, 5], "texture": "#0"},
				"west": {"uv": [3, 3.5, 3.875, 4], "texture": "#0"},
				"up": {"uv": [3.375, 4.875, 3, 4], "texture": "#0"},
				"down": {"uv": [3.875, 4, 3.5, 4.875], "texture": "#0"}
			}
		},
		{
			"from": [7.85, 4.325, 9.65],
			"to": [8.45, 4.425, 10.4],
			"rotation": {"angle": 0, "axis": "x", "origin": [8.15, 3.875, 9.825]},
			"faces": {
				"north": {"uv": [2, 8, 2.25, 8.125], "texture": "#0"},
				"east": {"uv": [7.5, 1.5, 7.875, 1.625], "texture": "#0"},
				"south": {"uv": [8, 2, 8.25, 2.125], "texture": "#0"},
				"west": {"uv": [2, 7.5, 2.375, 7.625], "texture": "#0"},
				"up": {"uv": [1.75, 7.375, 1.5, 7], "texture": "#0"},
				"down": {"uv": [7.25, 1.5, 7, 1.875], "texture": "#0"}
			}
		},
		{
			"from": [7.95, 4.425, 10.25],
			"to": [8.1, 4.55, 10.4],
			"rotation": {"angle": 0, "axis": "x", "origin": [8.15, 3.975, 9.825]},
			"faces": {
				"north": {"uv": [4, 8, 4.125, 8.125], "texture": "#0"},
				"east": {"uv": [8, 4, 8.125, 4.125], "texture": "#0"},
				"south": {"uv": [4.5, 8, 4.625, 8.125], "texture": "#0"},
				"west": {"uv": [8, 4.5, 8.125, 4.625], "texture": "#0"},
				"up": {"uv": [5.125, 8.125, 5, 8], "texture": "#0"},
				"down": {"uv": [8.125, 5, 8, 5.125], "texture": "#0"}
			}
		},
		{
			"from": [8.1, 4.425, 10.25],
			"to": [8.2, 4.475, 10.4],
			"rotation": {"angle": 0, "axis": "x", "origin": [8.275, 3.975, 9.825]},
			"faces": {
				"north": {"uv": [7, 8, 7.125, 8.125], "texture": "#0"},
				"east": {"uv": [8, 7, 8.125, 7.125], "texture": "#0"},
				"south": {"uv": [7.5, 8, 7.625, 8.125], "texture": "#0"},
				"west": {"uv": [8, 7.5, 8.125, 7.625], "texture": "#0"},
				"up": {"uv": [8.125, 8.125, 8, 8], "texture": "#0"},
				"down": {"uv": [0.125, 8.5, 0, 8.625], "texture": "#0"}
			}
		},
		{
			"from": [8.2, 4.425, 10.25],
			"to": [8.35, 4.55, 10.4],
			"rotation": {"angle": 0, "axis": "x", "origin": [8.45, 3.975, 9.825]},
			"faces": {
				"north": {"uv": [5.5, 8, 5.625, 8.125], "texture": "#0"},
				"east": {"uv": [8, 5.5, 8.125, 5.625], "texture": "#0"},
				"south": {"uv": [6, 8, 6.125, 8.125], "texture": "#0"},
				"west": {"uv": [8, 6, 8.125, 6.125], "texture": "#0"},
				"up": {"uv": [6.625, 8.125, 6.5, 8], "texture": "#0"},
				"down": {"uv": [8.125, 6.5, 8, 6.625], "texture": "#0"}
			}
		},
		{
			"from": [7.65, 2.725, 8.65],
			"to": [8.65, 3.225, 10.5],
			"rotation": {"angle": 0, "axis": "x", "origin": [8.15, 2.775, 9.825]},
			"faces": {
				"north": {"uv": [6.5, 4, 7, 4.25], "texture": "#0"},
				"east": {"uv": [5, 2.5, 5.875, 2.75], "texture": "#0"},
				"south": {"uv": [4.5, 6.5, 5, 6.75], "texture": "#0"},
				"west": {"uv": [1, 5.5, 1.875, 5.75], "texture": "#0"},
				"up": {"uv": [4.5, 0.875, 4, 0], "texture": "#0"},
				"down": {"uv": [2.5, 4, 2, 4.875], "texture": "#0"}
			}
		},
		{
			"from": [7.65, 2.725, 7.3],
			"to": [8.65, 3.225, 8.65],
			"rotation": {"angle": 0, "axis": "x", "origin": [8.15, 2.775, 7.975]},
			"faces": {
				"north": {"uv": [1.5, 6.5, 2, 6.75], "texture": "#0"},
				"east": {"uv": [1, 6, 1.625, 6.25], "texture": "#0"},
				"south": {"uv": [2, 6.5, 2.5, 6.75], "texture": "#0"},
				"west": {"uv": [6, 1.5, 6.625, 1.75], "texture": "#0"},
				"up": {"uv": [5, 1.625, 4.5, 1], "texture": "#0"},
				"down": {"uv": [5, 2, 4.5, 2.625], "texture": "#0"}
			}
		},
		{
			"from": [7.85, 1.625, 7.65],
			"to": [8.45, 1.925, 9.65],
			"rotation": {"angle": 0, "axis": "x", "origin": [8.15, 1.575, 8.975]},
			"faces": {
				"north": {"uv": [7.5, 3, 7.75, 3.125], "texture": "#0"},
				"east": {"uv": [6.5, 6, 7.5, 6.125], "texture": "#0"},
				"south": {"uv": [3.5, 7.5, 3.75, 7.625], "texture": "#0"},
				"west": {"uv": [6.5, 6.5, 7.5, 6.625], "texture": "#0"},
				"up": {"uv": [5.25, 5, 5, 4], "texture": "#0"},
				"down": {"uv": [5.25, 5, 5, 6], "texture": "#0"}
			}
		},
		{
			"from": [7.85, 1.75, 7.675],
			"to": [8.45, 3.05, 8.075],
			"rotation": {"angle": -22.5, "axis": "x", "origin": [8.15, 1.6, 8]},
			"faces": {
				"north": {"uv": [5, 6, 5.25, 6.625], "texture": "#0"},
				"east": {"uv": [5.5, 6, 5.75, 6.625], "texture": "#0"},
				"south": {"uv": [6, 5.5, 6.25, 6.125], "texture": "#0"},
				"west": {"uv": [0, 6.5, 0.25, 7.125], "texture": "#0"},
				"up": {"uv": [2.75, 7.25, 2.5, 7], "texture": "#0"},
				"down": {"uv": [7.25, 2.5, 7, 2.75], "texture": "#0"}
			}
		},
		{
			"from": [7.95, 2.55, 8.975],
			"to": [8.35, 3.05, 9.175],
			"rotation": {"angle": -22.5, "axis": "x", "origin": [8.15, 1.6, 9.2]},
			"faces": {
				"north": {"uv": [7, 3, 7.25, 3.25], "texture": "#0"},
				"east": {"uv": [7.5, 3.5, 7.625, 3.75], "texture": "#0"},
				"south": {"uv": [7, 3.5, 7.25, 3.75], "texture": "#0"},
				"west": {"uv": [4, 7.5, 4.125, 7.75], "texture": "#0"},
				"up": {"uv": [7.75, 4.125, 7.5, 4], "texture": "#0"},
				"down": {"uv": [4.75, 7.5, 4.5, 7.625], "texture": "#0"}
			}
		},
		{
			"from": [7.95, 1.93963, 8.49443],
			"to": [8.35, 2.53963, 8.69443],
			"rotation": {"angle": 22.5, "axis": "x", "origin": [8.15, 2.23963, 8.59443]},
			"faces": {
				"north": {"uv": [4, 7, 4.25, 7.25], "texture": "#0"},
				"east": {"uv": [7.5, 4.5, 7.625, 4.75], "texture": "#0"},
				"south": {"uv": [7, 4, 7.25, 4.25], "texture": "#0"},
				"west": {"uv": [5, 7.5, 5.125, 7.75], "texture": "#0"},
				"up": {"uv": [7.75, 5.125, 7.5, 5], "texture": "#0"},
				"down": {"uv": [5.75, 7.5, 5.5, 7.625], "texture": "#0"}
			}
		},
		{
			"from": [7.75, 3.225, 7.3],
			"to": [8.55, 3.625, 8.65],
			"rotation": {"angle": 0, "axis": "x", "origin": [8.15, 2.775, 7.975]},
			"faces": {
				"north": {"uv": [0.5, 7, 0.875, 7.25], "texture": "#0"},
				"east": {"uv": [2, 6, 2.625, 6.25], "texture": "#0"},
				"south": {"uv": [1, 7, 1.375, 7.25], "texture": "#0"},
				"west": {"uv": [6, 2, 6.625, 2.25], "texture": "#0"},
				"up": {"uv": [0.375, 6.125, 0, 5.5], "texture": "#0"},
				"down": {"uv": [0.875, 5.5, 0.5, 6.125], "texture": "#0"}
			}
		},
		{
			"from": [7.75, 3.625, 7.3],
			"to": [8.45, 4.225, 8.65],
			"rotation": {"angle": 0, "axis": "x", "origin": [8.15, 3.175, 7.975]},
			"faces": {
				"north": {"uv": [2, 7, 2.25, 7.25], "texture": "#0"},
				"east": {"uv": [6, 2.5, 6.625, 2.75], "texture": "#0"},
				"south": {"uv": [7, 2, 7.25, 2.25], "texture": "#0"},
				"west": {"uv": [6, 3, 6.625, 3.25], "texture": "#0"},
				"up": {"uv": [6.25, 4.125, 6, 3.5], "texture": "#0"},
				"down": {"uv": [6.25, 4.5, 6, 5.125], "texture": "#0"}
			}
		},
		{
			"from": [7.65, 2.725, 5],
			"to": [8.65, 3.225, 7.3],
			"rotation": {"angle": 0, "axis": "x", "origin": [8.15, 2.775, 6.125]},
			"faces": {
				"north": {"uv": [2.5, 6.5, 3, 6.75], "texture": "#0"},
				"east": {"uv": [4.5, 3, 5.625, 3.25], "texture": "#0"},
				"south": {"uv": [6.5, 3.5, 7, 3.75], "texture": "#0"},
				"west": {"uv": [4.5, 3.5, 5.625, 3.75], "texture": "#0"},
				"up": {"uv": [1.5, 4.625, 1, 3.5], "texture": "#0"},
				"down": {"uv": [2, 3.5, 1.5, 4.625], "texture": "#0"}
			}
		},
		{
			"from": [7.75, 3.225, 5],
			"to": [8.55, 4.325, 7.3],
			"rotation": {"angle": 0, "axis": "z", "origin": [8.15, 2.775, 6.125]},
			"faces": {
				"north": {"uv": [5.5, 5, 5.875, 5.5], "texture": "#0"},
				"east": {"uv": [2.5, 0, 3.625, 0.5], "texture": "#0"},
				"south": {"uv": [5.5, 5.5, 5.875, 6], "texture": "#0"},
				"west": {"uv": [2.5, 0.5, 3.625, 1], "texture": "#0"},
				"up": {"uv": [4.375, 3.125, 4, 2], "texture": "#0"},
				"down": {"uv": [2.875, 4, 2.5, 5.125], "texture": "#0"}
			}
		},
		{
			"from": [8.1, 4.325, 5],
			"to": [8.2, 4.55, 5.4],
			"rotation": {"angle": 0, "axis": "z", "origin": [8.15, 3.875, 6.125]},
			"faces": {
				"north": {"uv": [8.5, 0, 8.625, 0.125], "texture": "#0"},
				"east": {"uv": [2.5, 8, 2.75, 8.125], "texture": "#0"},
				"south": {"uv": [0.5, 8.5, 0.625, 8.625], "texture": "#0"},
				"west": {"uv": [8, 2.5, 8.25, 2.625], "texture": "#0"},
				"up": {"uv": [3.125, 8.25, 3, 8], "texture": "#0"},
				"down": {"uv": [8.125, 3, 8, 3.25], "texture": "#0"}
			}
		},
		{
			"from": [8.075, 3.575, 4.6],
			"to": [8.225, 3.975, 5],
			"rotation": {"angle": 0, "axis": "x", "origin": [8.15, 3.775, 4.8]},
			"faces": {
				"north": {"uv": [7.5, 5.5, 7.625, 5.75], "texture": "#0"},
				"east": {"uv": [4.5, 7, 4.75, 7.25], "texture": "#0"},
				"south": {"uv": [6, 7.5, 6.125, 7.75], "texture": "#0"},
				"west": {"uv": [7, 4.5, 7.25, 4.75], "texture": "#0"},
				"up": {"uv": [7.625, 6.25, 7.5, 6], "texture": "#0"},
				"down": {"uv": [6.625, 7.5, 6.5, 7.75], "texture": "#0"}
			}
		},
		{
			"from": [7.95, 3.7, 4.6],
			"to": [8.35, 3.85, 5],
			"rotation": {"angle": 0, "axis": "z", "origin": [8.15, 3.775, 4.8]},
			"faces": {
				"north": {"uv": [7.5, 6.5, 7.75, 6.625], "texture": "#0"},
				"east": {"uv": [7, 7.5, 7.25, 7.625], "texture": "#0"},
				"south": {"uv": [7.5, 7, 7.75, 7.125], "texture": "#0"},
				"west": {"uv": [7.5, 7.5, 7.75, 7.625], "texture": "#0"},
				"up": {"uv": [5.25, 7.25, 5, 7], "texture": "#0"},
				"down": {"uv": [7.25, 5, 7, 5.25], "texture": "#0"}
			}
		},
		{
			"from": [7.95, 3.7, 4.6],
			"to": [8.35, 3.85, 5],
			"rotation": {"angle": 45, "axis": "z", "origin": [8.15, 3.775, 4.8]},
			"faces": {
				"north": {"uv": [1, 8, 1.25, 8.125], "texture": "#0"},
				"east": {"uv": [8, 1, 8.25, 1.125], "texture": "#0"},
				"south": {"uv": [1.5, 8, 1.75, 8.125], "texture": "#0"},
				"west": {"uv": [8, 1.5, 8.25, 1.625], "texture": "#0"},
				"up": {"uv": [6.25, 7.25, 6, 7], "texture": "#0"},
				"down": {"uv": [6.75, 7, 6.5, 7.25], "texture": "#0"}
			}
		},
		{
			"from": [8.075, 3.575, 4.6],
			"to": [8.225, 3.975, 5],
			"rotation": {"angle": 45, "axis": "z", "origin": [8.15, 3.775, 4.8]},
			"faces": {
				"north": {"uv": [0, 8, 0.125, 8.25], "texture": "#0"},
				"east": {"uv": [5.5, 7, 5.75, 7.25], "texture": "#0"},
				"south": {"uv": [8, 0, 8.125, 0.25], "texture": "#0"},
				"west": {"uv": [7, 5.5, 7.25, 5.75], "texture": "#0"},
				"up": {"uv": [0.625, 8.25, 0.5, 8], "texture": "#0"},
				"down": {"uv": [8.125, 0.5, 8, 0.75], "texture": "#0"}
			}
		},
		{
			"from": [7.975, 3.325, 0.5],
			"to": [8.325, 4.225, 4.9],
			"rotation": {"angle": 45, "axis": "z", "origin": [8.15, 3.775, 4.7]},
			"faces": {
				"north": {"uv": [7.5, 1, 7.625, 1.5], "texture": "#0"},
				"east": {"uv": [2, 1, 4.25, 1.5], "texture": "#0"},
				"south": {"uv": [1.5, 7.5, 1.625, 8], "texture": "#0"},
				"west": {"uv": [2, 1.5, 4.25, 2], "texture": "#0"},
				"up": {"uv": [3.125, 7.25, 3, 5], "texture": "#0"},
				"down": {"uv": [3.625, 5, 3.5, 7.25], "texture": "#0"}
			}
		},
		{
			"from": [7.7, 3.6, 0.5],
			"to": [8.6, 3.95, 4.9],
			"rotation": {"angle": 45, "axis": "z", "origin": [8.15, 3.775, 4.7]},
			"faces": {
				"north": {"uv": [7.5, 0.5, 8, 0.625], "texture": "#0"},
				"east": {"uv": [5, 0.5, 7.25, 0.625], "texture": "#0"},
				"south": {"uv": [1, 7.5, 1.5, 7.625], "texture": "#0"},
				"west": {"uv": [5, 1, 7.25, 1.125], "texture": "#0"},
				"up": {"uv": [1.5, 3.25, 1, 1], "texture": "#0"},
				"down": {"uv": [2, 1, 1.5, 3.25], "texture": "#0"}
			}
		},
		{
			"from": [7.7, 3.6, 0.5],
			"to": [8.6, 3.95, 4.9],
			"rotation": {"angle": 0, "axis": "z", "origin": [8.15, 3.775, 4.7]},
			"faces": {
				"north": {"uv": [7.5, 0, 8, 0.125], "texture": "#0"},
				"east": {"uv": [0, 5, 2.25, 5.125], "texture": "#0"},
				"south": {"uv": [0.5, 7.5, 1, 7.625], "texture": "#0"},
				"west": {"uv": [5, 0, 7.25, 0.125], "texture": "#0"},
				"up": {"uv": [0.5, 3.25, 0, 1], "texture": "#0"},
				"down": {"uv": [1, 1, 0.5, 3.25], "texture": "#0"}
			}
		},
		{
			"from": [7.975, 3.325, 0.5],
			"to": [8.325, 4.225, 4.9],
			"rotation": {"angle": 0, "axis": "x", "origin": [8.15, 3.775, 4.7]},
			"faces": {
				"north": {"uv": [7, 7, 7.125, 7.5], "texture": "#0"},
				"east": {"uv": [0, 0, 2.25, 0.5], "texture": "#0"},
				"south": {"uv": [0, 7.5, 0.125, 8], "texture": "#0"},
				"west": {"uv": [0, 0.5, 2.25, 1], "texture": "#0"},
				"up": {"uv": [4.125, 6.75, 4, 4.5], "texture": "#0"},
				"down": {"uv": [4.625, 4, 4.5, 6.25], "texture": "#0"}
			}
		}
	],
	"display": {
		"thirdperson_righthand": {
			"translation": [0, 5.75, -0.5]
		},
		"thirdperson_lefthand": {
			"translation": [0, 5.74, -0.5]
		},
		"firstperson_righthand": {
			"translation": [-1.75, 12.5, 0.75],
			"scale": [1.5, 1.5, 1.5]
		},
		"firstperson_lefthand": {
			"rotation": [0, -1, 0],
			"translation": [-8.75, 13.5, 4.75],
			"scale": [1.5, 1.5, 1.5]
		},
		"ground": {
			"rotation": [90, 90, -90],
			"translation": [0, 7.25, 1.5],
			"scale": [1.5, 1.5, 1.5]
		},
		"gui": {
			"rotation": [90, -52, 90],
			"translation": [-6.5, 5, 0],
			"scale": [1.5, 1.5, 1.5]
		},
		"head": {
			"rotation": [124, -27, 180],
			"translation": [-4.75, -7.75, -16.25],
			"scale": [1.5, 1.5, 1.5]
		},
		"fixed": {
			"rotation": [90, 52, -90],
			"translation": [5, 6.5, -0.5],
			"scale": [1.5, 1.5, 1.5]
		}
	}
}